"","1","1801","1803","1804","1805","1806","1807","1808","1809","1810","1811","1812","1813","1815","1816","1817","1818","1819","1820","1821","1823","1824","1828","1829","1830","1840","1843","1847","1848","1849","1852","1853","1854","1855","1856","1859","1860","1861","1862","1863","1864","1865","1866","1867","1868","1870","1871","1872","1875","1878","1880","1883","1884","1885","1887","1888","1889","1890","1892","1893","1894","1895","1897","1901","1925","1946","1963","1973","1980","1988","2014","2015","2016","2017","2034","2036","2078","2213","2214","2216","2221","2222","2223","2227","2229","2230","2241","2252","2255","2279","2293","2295","2321","2336","2353","2360","2363","2365","2366","2367","2368","2369","2371","2372","2373","2374","2375","2376","2377","2378","2379","2380","2381","2382","2383","2384","2386","2389","2398","2420","2421","2422","2423","2424","2425","2433","2434","2435","2461","rwnm09","rwnm10"
"MneleiAF293700_USA:WoodsHole_2001_leiAFNCBI","c","t","a","a","c","g","a","a","t","c","c","a","a","c","t","t","a","c","c","t","c","c","t","a","g","c","g","c","t","g","t","t","t","c","g","g","t","c","g","g","c","c","g","g","g","-","-","-","t","g","c","t","t","c","c","g","g","g","g","g","a","g","t","c","c","g","t","g","c","c","g","c","t","c","g","c","c","c","c","t","a","a","a","a","g","g","t","c","t","g","t","c","c","c","g","c","t","c","a","g","g","a","t","g","t","c","c","g","a","a","g","c","c","t","t","c","c","a","t","a","g","t","c","g","t","a","t","c","c","USA:WoodsHole","2001"
"MneleiOM368662_NEAtlantic_2022_leiOMNCBI","-","t","a","a","c","g","a","a","t","c","c","a","a","c","t","t","a","c","c","t","c","c","t","a","g","c","g","c","t","g","t","t","t","c","g","g","t","c","g","g","c","c","g","g","g","-","-","-","t","g","c","t","t","c","c","g","g","g","g","g","a","g","t","c","c","g","t","g","c","c","g","c","t","c","g","c","c","c","c","t","a","-","a","a","g","g","-","c","t","g","t","c","c","c","g","c","t","c","a","g","g","a","t","g","t","c","c","g","a","a","g","c","c","t","t","c","c","a","t","-","-","-","-","-","-","-","-","-","-","NEAtlantic","2022"
"MneleiKY204082_NEAtlantic_unknown_leiKYNCBI","-","-","-","-","-","-","-","-","-","-","-","-","-","-","-","-","-","-","-","-","-","-","-","-","-","-","-","-","-","-","-","-","-","-","-","-","-","-","-","-","-","-","-","-","-","-","-","-","-","-","-","-","-","-","-","-","-","-","-","-","-","-","-","-","-","g","t","g","c","c","g","c","t","c","-","-","-","-","-","-","-","-","-","-","-","-","-","-","-","-","-","-","-","-","-","-","-","-","-","-","-","-","-","-","-","-","-","-","-","-","-","-","-","-","-","-","-","-","-","-","-","-","-","-","-","-","-","-","-","NEAtlantic","unknown"
"MneleiKJ754164_Mediterranean_2015_leiKJNCBI","-","-","-","a","c","g","a","a","t","c","c","a","a","c","t","t","a","c","c","t","c","c","t","a","g","c","g","c","t","g","a","t","t","c","g","g","t","c","g","g","c","c","g","g","g","-","-","-","t","g","c","t","t","c","c","g","g","g","g","g","a","g","t","c","c","g","-","g","c","c","g","c","t","c","g","c","c","c","c","t","a","-","a","a","g","g","t","c","t","g","t","c","c","c","g","c","t","c","a","g","g","a","t","g","t","c","c","g","a","a","g","c","c","t","t","c","c","a","t","g","a","g","t","c","g","t","c","a","-","Mediterranean","2015"
"MneleiKF435104_Mediterranean_2013_leiKFNCBI","-","-","-","a","c","g","a","a","t","c","c","a","a","c","t","t","a","c","c","t","c","c","t","a","g","c","g","c","t","g","a","t","t","c","g","g","t","c","g","g","c","c","g","g","g","-","-","-","t","g","c","t","t","c","c","g","g","g","g","g","a","g","t","c","c","g","t","g","c","c","g","c","t","c","g","c","c","c","c","t","a","t","a","a","g","g","c","c","t","g","t","c","c","c","g","c","t","c","a","g","g","a","t","g","t","c","c","g","a","a","g","c","c","t","t","c","c","a","t","a","g","t","c","g","t","a","t","c","-","Mediterranean","2013"
"MneleiKF435103_Mediterranean_2013_leiKFNCBI","-","-","-","a","c","g","a","a","t","c","c","a","a","c","t","t","a","c","c","t","c","c","t","a","g","c","g","c","t","g","a","t","t","c","g","g","t","c","g","g","c","c","g","g","g","-","-","-","t","g","c","t","t","c","c","g","g","g","g","g","a","g","t","c","c","g","t","g","c","c","g","c","t","t","g","c","c","c","c","t","a","t","a","a","g","g","t","c","t","g","t","c","c","c","g","c","t","c","a","g","g","a","t","g","t","c","c","g","a","a","g","c","c","t","t","c","c","a","t","a","g","t","c","g","t","a","t","c","-","Mediterranean","2013"
"MneleiKF435102_Mediterranean_2013_leiKFNCBI","-","-","-","a","c","g","a","a","t","c","c","a","a","c","t","t","a","c","c","t","c","c","t","a","g","c","g","c","t","g","a","t","t","c","g","g","t","c","g","g","c","c","g","g","g","-","-","-","t","g","c","t","t","c","c","g","g","g","g","g","a","g","t","c","c","g","t","g","t","c","g","c","t","c","g","c","c","c","c","t","a","a","a","a","g","g","t","c","t","g","t","c","c","c","g","c","t","c","a","g","g","a","t","g","t","c","c","g","a","a","g","c","c","t","t","c","c","a","t","a","g","t","c","g","t","a","t","c","-","Mediterranean","2013"
"MneleiKF435101_Mediterranean_2013_leiKFNCBI","-","-","-","a","c","g","a","a","t","c","c","a","a","c","t","t","a","c","c","t","c","c","t","a","g","c","g","c","t","g","a","t","t","c","g","g","t","c","g","g","c","c","g","g","g","-","-","-","t","g","c","t","t","c","c","g","g","g","g","g","a","g","t","c","c","g","t","g","c","c","g","c","t","t","g","c","c","c","c","t","a","a","a","a","g","g","t","c","t","g","t","c","c","c","g","c","t","c","a","g","g","a","t","g","t","c","c","g","a","a","g","c","c","t","t","c","c","a","t","a","g","t","c","g","t","a","t","c","-","Mediterranean","2013"
"MneleiKF435100_Mediterranean_2013_leiKFNCBI","-","-","-","a","c","g","a","a","t","c","c","a","a","c","t","t","a","c","c","t","c","c","t","a","g","c","g","c","t","g","t","t","t","c","g","g","t","c","g","g","c","c","g","g","g","-","-","-","t","g","c","t","t","c","c","g","g","g","g","g","a","g","t","c","c","g","t","g","t","c","g","c","t","c","g","c","c","c","c","t","a","a","a","a","g","g","t","c","t","g","t","c","c","c","g","c","t","c","a","g","g","a","t","g","t","c","c","g","a","a","g","c","c","t","t","c","c","a","t","a","g","t","c","g","t","a","t","c","-","Mediterranean","2013"
"MneleiJX266259_CaspianSea_2009_leiJXNCBI","-","-","-","-","-","c","g","g","g","a","c","a","a","c","t","t","a","c","g","t","c","c","t","g","g","c","g","c","t","g","t","t","t","c","g","g","t","c","g","g","c","c","g","g","g","-","-","-","t","g","c","t","t","c","c","g","g","g","g","g","a","g","t","c","c","g","t","g","c","c","g","c","t","t","g","c","c","c","c","t","a","t","a","a","g","g","t","c","t","g","t","c","c","c","g","c","t","c","a","g","g","a","g","g","t","t","c","c","g","a","a","g","a","-","-","-","-","-","-","-","-","-","-","-","-","-","-","-","-","CaspianSea","2009"
"MneleiJX266258_CaspianSea_2009_leiJXNCBI","-","-","-","-","-","-","a","g","g","g","a","c","a","c","t","t","a","c","g","t","c","c","t","a","a","c","g","c","t","g","t","t","t","c","g","g","t","c","g","g","c","c","g","g","g","-","-","-","t","g","c","t","t","c","c","g","g","g","g","g","a","g","t","c","c","g","t","g","c","c","g","c","t","t","g","c","c","c","c","t","a","t","a","a","g","g","t","c","t","g","t","c","c","c","g","c","t","c","a","a","t","t","g","t","g","t","t","c","c","g","a","a","g","a","-","-","-","-","-","-","-","-","-","-","-","-","-","-","-","CaspianSea","2009"
"MneleiJX266257_CaspianSea_2009_leiJXNCBI","-","-","-","-","-","-","-","-","-","-","-","-","-","-","-","-","-","-","-","-","-","-","-","-","-","-","-","t","g","t","g","g","c","g","g","g","c","g","a","a","a","t","a","g","g","-","-","-","c","c","g","t","a","c","c","g","g","g","g","g","a","g","t","c","c","g","t","g","c","c","g","c","t","c","g","c","c","c","c","t","a","a","a","a","g","g","t","c","t","g","t","c","c","c","g","c","t","c","a","g","a","a","t","g","t","t","c","c","g","a","a","g","a","-","-","-","-","-","-","-","-","-","-","-","-","-","-","-","-","CaspianSea","2009"
"MneleiJX266256_CaspianSea_2009_leiJXNCBI","-","-","-","-","-","-","-","-","-","-","-","-","-","-","-","-","-","-","-","-","-","-","-","-","-","-","-","a","t","a","t","a","g","g","t","g","t","g","c","g","c","g","g","g","g","-","-","-","t","g","c","t","t","c","c","g","g","g","g","g","a","g","t","c","c","g","t","g","c","c","g","c","t","c","g","c","c","c","c","t","a","a","a","a","g","g","t","c","t","g","t","c","c","c","g","c","t","a","a","a","g","g","g","a","c","c","c","c","a","a","g","a","g","a","-","-","-","-","-","-","-","-","-","-","-","-","-","-","-","CaspianSea","2009"
"MneleiJX266255_CaspianSea_2009_leiJXNCBI","-","c","t","g","t","t","g","c","c","a","c","g","c","t","a","t","c","c","c","t","c","c","a","g","g","c","g","c","t","g","t","t","t","c","g","g","t","c","g","g","c","c","g","g","g","-","-","-","t","g","c","t","t","c","c","g","g","g","g","g","a","g","t","c","c","g","t","g","c","c","g","c","t","t","g","c","c","c","c","t","a","t","a","a","g","g","t","c","t","g","t","c","c","c","g","c","t","c","a","a","a","g","g","g","g","t","c","c","g","a","a","g","a","a","-","-","-","-","-","-","-","-","-","-","-","-","-","-","-","CaspianSea","2009"
"MneleiJX266254_CaspianSea_2009_leiJXNCBI","-","-","-","-","-","-","-","-","-","-","-","-","-","-","-","-","-","-","-","a","t","t","t","g","g","-","-","-","-","-","-","-","-","-","-","-","-","-","-","-","-","-","-","-","-","-","-","-","-","g","c","t","t","c","c","g","g","g","g","g","a","g","t","c","c","g","t","g","c","c","g","c","t","c","g","c","c","c","c","t","a","a","a","a","g","g","t","c","t","g","t","c","c","c","g","c","t","a","g","a","g","g","t","t","c","c","a","a","a","a","g","a","t","t","-","-","-","-","-","-","-","-","-","-","-","-","-","-","-","CaspianSea","2009"
"MneleiJX266253_CaspianSea_2009_leiJXNCBI","-","-","-","-","-","-","-","-","-","-","-","-","-","-","-","-","t","t","g","t","c","g","a","a","g","-","-","-","-","-","t","t","c","c","g","a","c","g","g","c","c","g","a","a","g","-","-","-","t","g","c","t","t","c","c","g","g","g","g","g","a","g","t","c","c","g","t","g","c","c","g","c","t","c","g","c","c","c","c","t","a","a","a","a","g","g","t","c","t","g","t","c","c","c","g","c","t","c","a","g","g","g","t","g","g","t","c","a","g","a","a","g","a","-","-","-","-","-","-","-","-","-","-","-","-","-","-","-","-","CaspianSea","2009"
"MneleiJX266252_CaspianSea_2009_leiJXNCBI","-","-","-","-","-","-","-","-","-","-","-","-","-","g","a","g","g","t","g","t","c","g","-","-","-","-","-","-","-","-","-","-","-","-","-","-","-","g","g","c","c","g","g","g","g","-","-","-","t","g","c","t","t","c","c","g","g","g","g","g","a","g","t","c","c","g","c","g","c","c","g","c","t","c","g","c","c","c","c","t","a","a","a","a","g","g","t","c","t","g","t","c","c","c","g","c","t","c","a","a","a","g","t","g","t","t","t","c","c","g","a","a","a","-","-","-","-","-","-","-","-","-","-","-","-","-","-","-","-","CaspianSea","2009"
"MneleiJX266251_CaspianSea_2009_leiJXNCBI","-","-","c","t","c","g","g","t","a","a","g","g","c","t","t","a","c","c","g","t","c","c","t","a","g","c","g","c","t","g","t","t","t","c","g","g","t","c","g","g","c","c","g","g","g","-","-","-","t","g","c","t","t","c","c","g","g","g","g","g","a","g","t","c","c","g","t","g","c","c","g","c","t","t","g","c","c","c","c","t","a","a","a","a","g","g","t","c","t","g","t","c","c","c","g","c","t","a","a","a","t","a","g","t","t","c","t","c","c","c","g","a","a","a","g","a","-","-","-","-","-","-","-","-","-","-","-","-","-","CaspianSea","2009"
"MneleiJX266250_CaspianSea_2009_leiJXNCBI","-","-","-","-","-","-","-","-","-","-","-","-","-","-","-","-","-","-","-","-","-","-","-","-","-","-","-","-","-","-","-","-","-","-","t","c","c","g","c","-","-","-","-","-","-","-","-","-","-","-","t","t","t","c","c","g","g","g","g","g","a","g","t","c","c","g","t","g","c","c","g","c","t","t","g","c","c","c","c","t","a","t","a","a","g","g","t","c","t","g","t","c","c","c","g","c","t","a","a","g","a","g","g","t","c","t","c","c","a","a","g","a","g","a","g","g","-","-","-","-","-","-","-","-","-","-","-","-","-","CaspianSea","2009"
"MneleiJX266249_CaspianSea_2009_leiJXNCBI","-","-","-","-","-","-","-","-","-","a","c","a","t","c","t","t","a","c","g","t","c","c","t","g","a","c","g","c","t","g","t","t","t","c","g","g","t","c","g","g","c","c","g","g","g","-","-","-","t","g","c","t","t","c","c","g","g","g","g","g","a","g","t","c","c","g","t","t","c","c","g","t","t","t","g","c","c","c","c","t","a","a","a","a","g","g","g","c","t","a","t","g","t","c","g","t","t","a","-","-","-","-","-","-","-","-","-","-","-","-","-","-","-","-","-","-","-","-","-","-","-","-","-","-","-","-","-","-","-","CaspianSea","2009"
"MneleiJX266248_CaspianSea_2009_leiJXNCBI","-","-","-","-","-","-","-","-","-","-","-","-","-","t","g","g","a","c","t","g","c","c","t","a","g","c","g","c","t","g","t","t","t","c","g","g","t","c","g","g","c","c","g","g","g","-","-","-","t","g","c","t","t","c","c","g","g","g","g","g","a","g","t","c","c","g","t","g","c","c","g","c","t","t","g","c","c","c","c","t","a","t","a","a","g","g","t","c","t","g","t","c","c","c","g","c","t","a","a","a","g","g","t","g","c","c","c","a","g","a","g","a","g","a","-","-","-","-","-","-","-","-","-","-","-","-","-","-","-","CaspianSea","2009"
"MneleiJX112770_CaspianSea_2012_leiJXNCBI","-","-","-","-","-","-","-","-","-","-","-","-","-","-","-","-","-","-","-","-","-","-","-","-","-","t","g","c","t","g","t","t","t","c","g","g","t","c","g","g","c","c","g","g","g","-","-","-","t","g","c","t","t","c","c","g","g","g","g","g","a","g","t","c","c","g","t","g","c","c","g","c","t","c","g","c","c","c","c","t","a","t","a","a","g","g","t","c","t","g","t","c","c","c","g","c","t","c","a","g","a","t","g","g","g","t","t","c","c","g","a","a","g","a","-","-","-","-","-","-","-","-","-","-","-","-","-","-","-","CaspianSea","2012"
"MneleiJX112769_CaspianSea_2012_leiJXNCBI","-","-","-","-","-","-","-","-","-","-","-","-","-","-","-","-","-","-","-","-","-","-","-","-","-","t","g","t","g","t","t","c","g","c","g","a","c","g","t","g","c","c","a","g","a","g","t","t","c","c","t","t","g","c","c","g","g","g","g","a","a","g","t","c","c","g","t","g","c","c","g","c","t","t","g","c","c","c","c","t","a","t","a","a","g","g","t","c","t","g","t","c","c","c","g","c","t","c","a","g","g","a","t","g","t","c","c","g","a","a","a","a","a","c","t","t","g","-","-","-","-","-","-","-","-","-","-","-","-","CaspianSea","2012"
"MneleiJX112768_CaspianSea_2012_leiJXNCBI","a","-","-","-","-","c","g","a","a","a","t","c","a","c","t","t","a","c","g","t","c","c","t","a","g","c","g","c","t","g","t","t","t","c","g","g","t","c","g","g","c","c","g","g","g","-","-","-","t","g","c","t","t","c","c","g","g","g","g","g","a","g","t","c","c","g","t","g","c","c","g","c","t","t","g","c","c","c","c","t","a","t","a","a","g","g","t","c","t","g","t","c","c","c","g","c","t","c","a","g","g","t","g","g","g","t","c","c","g","a","a","g","a","-","-","-","-","-","-","-","-","-","-","-","-","-","-","-","-","CaspianSea","2012"
"MneleiJX112767_CaspianSea_2012_leiJXNCBI","-","-","-","-","-","-","-","-","-","-","-","-","-","-","-","-","-","-","-","a","t","t","t","g","g","-","-","-","-","-","-","-","-","-","-","-","-","-","-","-","-","-","-","-","-","-","-","-","-","g","c","t","t","c","c","g","g","g","g","g","a","g","t","c","c","g","t","g","c","c","g","c","t","c","g","c","c","c","c","t","a","a","a","a","g","g","t","c","t","g","t","c","c","c","g","c","t","a","g","a","g","g","t","t","c","c","a","a","a","a","g","a","t","t","-","-","-","-","-","-","-","-","-","-","-","-","-","-","-","CaspianSea","2012"
"MneleiJX112766_CaspianSea_2012_leiJXNCBI","-","-","-","-","-","-","-","-","-","-","-","-","-","-","-","-","-","-","-","-","-","-","-","-","-","-","-","-","-","a","c","g","c","c","t","g","g","t","g","g","g","a","g","a","a","-","-","-","g","c","t","g","a","c","c","g","g","g","g","g","a","g","t","c","c","g","t","g","c","c","g","c","t","c","g","c","c","c","c","t","a","a","a","a","g","g","t","c","t","g","t","c","c","c","g","c","t","c","a","g","g","t","t","g","t","t","c","c","g","a","a","g","-","-","-","-","-","-","-","-","-","-","-","-","-","-","-","-","-","CaspianSea","2012"
"MneleiJQ742005_CaspianSea_unknown_leiJQNCBI","-","-","-","-","-","-","-","-","-","-","-","-","-","-","-","-","-","-","-","-","-","-","-","-","-","-","-","-","-","-","-","-","-","-","t","c","c","g","c","-","-","-","-","-","-","-","-","-","-","-","t","t","t","c","c","g","g","g","g","g","a","g","t","c","c","g","t","g","c","c","g","c","t","t","g","c","c","c","c","t","a","t","a","a","g","g","t","c","t","g","t","c","c","c","g","c","t","a","a","g","a","g","g","t","c","t","c","c","a","a","g","a","g","a","g","g","-","-","-","-","-","-","-","-","-","-","-","-","-","CaspianSea","unknown"
"MneleiJQ071530_Mediterranean_unknown_leiJQNCBI","-","t","a","a","c","g","a","a","t","c","c","a","a","c","t","t","a","c","c","t","c","c","t","a","g","c","g","c","t","g","a","t","t","c","g","g","t","c","g","g","c","c","g","g","g","-","-","-","t","g","c","t","t","c","c","g","g","g","g","g","a","g","t","c","c","g","c","g","c","c","g","c","t","c","g","c","c","c","c","t","a","a","a","a","g","g","t","c","t","g","t","c","c","c","g","c","t","c","a","g","g","a","t","g","t","c","c","g","a","a","-","-","-","-","-","-","-","-","-","-","-","-","-","-","-","-","-","-","-","Mediterranean","unknown"
"MneleiJQ071529_Mediterranean_unknown_leiJQNCBI","-","-","-","-","-","-","-","-","-","-","-","-","-","c","t","t","a","c","c","t","c","c","t","a","g","c","g","c","t","g","t","t","t","c","g","g","t","c","g","g","c","c","g","g","g","-","-","-","t","g","c","t","t","c","c","g","g","g","g","g","a","g","t","c","c","g","t","g","c","c","g","c","t","-","g","c","c","c","c","t","a","-","a","a","g","g","t","c","t","g","t","c","c","c","g","c","t","c","a","g","g","a","t","g","t","c","c","g","a","a","g","c","c","t","t","c","c","a","t","a","g","t","c","g","t","-","-","-","-","Mediterranean","unknown"
"MneleiHM007195_Mediterranean_2010_leiHMNCBI","-","t","a","a","c","g","a","a","t","c","c","a","a","c","t","t","a","c","c","t","c","c","t","a","g","c","g","c","t","g","t","t","t","c","g","g","t","c","g","g","c","c","g","g","g","-","-","-","t","g","c","t","t","c","c","g","g","g","g","g","a","g","t","c","c","g","t","g","c","c","g","c","t","-","g","c","c","c","c","t","a","-","a","a","g","g","t","c","t","g","t","c","c","c","g","c","t","c","a","g","g","a","t","g","t","c","c","g","a","a","g","c","c","t","t","c","c","a","t","a","g","t","c","g","t","a","t","c","-","Mediterranean","2010"
"MneleiHM007194_Mediterranean_2010_leiHMNCBI","-","t","a","a","c","g","a","a","t","c","c","a","a","c","t","t","a","c","c","t","c","c","t","a","g","c","g","c","t","g","t","t","t","c","g","g","t","c","g","g","c","c","g","g","g","-","-","-","t","g","c","t","t","c","c","g","g","g","g","g","a","g","t","c","c","g","-","g","c","c","g","c","t","-","g","c","c","c","c","t","a","-","a","a","g","g","t","c","t","g","t","c","c","c","g","c","t","c","a","g","g","a","t","g","t","c","c","g","a","a","g","c","c","t","t","c","c","a","t","a","g","t","c","g","t","a","t","c","-","Mediterranean","2010"
"MneleiHM007193_Mediterranean_2010_leiHMNCBI","-","t","a","a","c","g","a","a","t","c","c","a","a","c","t","t","a","c","c","t","c","c","t","a","g","c","g","c","t","g","t","t","t","c","g","g","t","c","g","g","c","c","g","g","g","-","-","-","t","g","c","t","t","c","c","g","g","g","g","g","a","g","t","c","c","g","t","g","c","c","g","c","t","-","g","c","c","c","c","t","a","-","a","a","g","g","t","c","t","g","t","c","c","c","g","c","t","c","a","g","g","a","t","g","t","c","c","g","a","a","g","c","c","t","t","c","c","a","t","a","g","t","c","g","t","a","t","c","-","Mediterranean","2010"
"MneleiGU062762_CentralWAtlantic_2009_leiGUNCBI","-","-","-","a","c","g","a","a","t","c","c","a","a","c","t","t","a","c","c","t","c","c","t","a","g","c","g","c","t","g","t","t","t","c","g","g","t","c","g","g","c","c","g","g","g","-","-","-","t","g","c","t","t","c","c","g","g","g","g","g","a","g","t","c","c","g","t","g","c","c","g","c","t","c","g","c","c","c","c","t","a","t","a","a","g","g","t","c","t","g","t","c","c","c","g","c","t","c","a","g","g","a","t","a","t","c","c","g","a","a","g","c","c","t","t","c","c","a","t","a","g","t","c","g","t","a","t","c","-","CentralWAtlantic","2009"
"MneleiGU062761_CentralWAtlantic_2009_leiGUNCBI","-","-","-","a","c","g","a","a","t","c","c","a","a","c","t","t","a","c","c","t","c","c","t","a","g","c","g","c","t","g","t","t","t","c","g","g","t","c","g","g","c","c","g","g","g","-","-","-","t","g","c","t","t","c","c","g","g","g","g","g","a","g","t","c","c","g","t","g","c","c","g","c","t","c","g","c","c","c","c","t","a","a","a","a","g","g","t","c","t","g","t","c","c","c","g","c","t","c","a","g","g","a","t","a","t","c","c","g","a","a","g","c","c","t","t","c","c","a","t","a","g","t","c","g","t","a","t","c","-","CentralWAtlantic","2009"
"MneleiGU062760_CentralWAtlantic_2009_leiGUNCBI","-","-","-","a","c","g","a","a","t","c","c","a","a","c","t","t","a","c","c","t","c","c","t","a","g","c","t","c","t","g","t","t","t","c","g","g","t","c","g","g","c","c","g","g","g","-","-","-","t","g","c","t","t","c","c","g","g","g","g","g","a","g","t","c","c","g","t","g","c","c","g","c","t","t","g","c","c","c","c","t","a","a","a","a","g","g","t","c","t","g","t","c","c","c","g","c","t","c","a","g","g","a","t","g","t","c","c","g","a","a","g","c","c","t","t","c","c","a","t","a","g","t","c","g","t","a","t","c","-","CentralWAtlantic","2009"
"MneleiGU062759_CentralWAtlantic_2009_leiGUNCBI","-","-","-","a","c","g","a","a","t","c","c","a","a","c","t","t","a","c","c","t","c","c","t","a","g","c","g","c","t","g","t","t","t","c","g","g","t","c","g","g","c","c","g","g","g","-","-","-","t","g","c","t","t","c","c","g","g","g","g","g","a","g","t","c","c","g","t","g","c","c","g","c","t","t","g","c","c","c","c","t","a","t","a","a","g","g","c","c","t","g","t","c","c","c","g","c","t","c","a","g","g","a","t","g","t","c","c","g","a","a","g","c","c","t","t","c","c","a","t","a","g","t","c","g","t","a","t","c","-","CentralWAtlantic","2009"
"MneleiGU062758_CentralWAtlantic_2009_leiGUNCBI","-","-","-","a","c","g","a","a","t","c","c","a","a","c","t","t","a","c","c","t","c","c","t","a","g","c","t","c","t","g","t","t","t","c","g","g","t","c","g","g","c","c","g","g","g","-","-","-","t","g","c","t","t","c","c","g","g","g","g","g","a","g","t","c","c","g","t","g","c","c","g","c","t","c","g","c","c","c","c","t","a","a","a","a","g","g","t","c","t","g","t","c","c","c","g","c","t","c","a","g","g","a","t","g","t","c","c","g","a","a","g","c","c","t","t","c","c","a","t","a","g","t","c","g","t","a","t","c","-","CentralWAtlantic","2009"
"MneleiGU062757_CentralWAtlantic_2009_leiGUNCBI","-","-","-","a","c","g","a","a","t","c","c","a","a","c","t","t","a","c","c","t","c","c","t","a","g","c","g","c","t","g","t","t","t","c","g","g","t","c","g","g","c","c","g","g","g","-","-","-","t","g","c","t","t","c","c","g","g","g","g","g","a","g","t","c","c","g","t","g","c","c","g","c","t","t","g","c","c","c","c","t","a","a","a","a","g","g","t","c","t","g","t","c","c","c","g","c","t","c","a","g","g","a","t","g","t","c","c","g","a","a","g","c","c","t","t","c","c","a","t","a","g","t","c","g","t","a","t","c","-","CentralWAtlantic","2009"
"MneleiGU062756_CentralWAtlantic_2009_leiGUNCBI","-","-","-","a","c","g","a","a","t","c","c","a","a","c","t","t","a","c","c","t","c","c","t","a","g","c","g","c","t","g","a","t","t","c","g","g","t","c","g","g","c","c","g","g","g","-","-","-","t","g","c","t","t","c","c","g","g","g","g","g","a","g","t","c","c","g","t","g","c","c","g","c","t","c","g","c","c","c","c","t","a","a","a","a","g","g","t","c","t","g","t","c","c","c","g","c","t","c","a","g","g","a","t","g","t","c","c","g","a","a","g","c","c","t","t","c","c","a","t","a","g","t","c","g","t","a","t","c","-","CentralWAtlantic","2009"
"MneleiGU062755_CentralWAtlantic_2009_leiGUNCBI","-","-","-","a","c","g","a","a","t","c","c","a","a","c","t","t","a","c","c","t","c","c","t","a","g","c","g","c","t","g","t","t","t","c","g","g","t","c","g","g","c","c","g","g","g","-","-","-","t","g","c","t","t","c","c","g","g","g","g","g","a","g","t","c","c","g","t","g","c","c","g","c","t","t","g","c","c","c","c","t","a","t","a","a","g","g","t","c","t","g","t","c","c","c","g","c","t","c","a","g","g","a","t","a","t","c","c","g","a","a","g","c","c","t","t","c","c","a","t","a","g","t","c","g","t","a","t","c","-","CentralWAtlantic","2009"
"MneleiGU062754_CentralWAtlantic_2009_leiGUNCBI","-","-","-","a","c","g","a","a","t","c","c","a","a","c","t","t","a","c","c","t","c","c","t","a","g","c","g","c","t","g","t","t","t","c","g","g","t","c","g","g","c","c","g","g","g","-","-","-","t","g","c","t","t","c","c","g","g","g","g","g","a","g","t","c","c","g","t","g","c","c","g","c","t","c","g","c","c","c","c","t","a","t","a","a","g","g","t","c","t","g","t","c","c","c","g","c","t","c","a","g","g","a","t","g","t","c","c","g","a","a","g","c","c","t","t","c","c","a","t","a","g","t","c","g","t","a","t","c","-","CentralWAtlantic","2009"
"MneleiGU062753_CentralWAtlantic_2009_leiGUNCBI","-","-","-","a","c","g","a","a","t","c","c","a","a","c","t","t","a","c","c","t","c","c","t","a","g","c","g","c","t","g","t","t","t","c","g","g","t","c","g","g","c","c","g","g","g","-","-","-","t","g","c","t","t","c","c","g","g","g","g","g","a","g","t","c","c","g","t","g","c","c","g","c","t","c","g","c","c","c","c","t","a","t","a","a","g","g","t","c","t","g","t","c","c","c","g","c","t","c","a","g","g","a","t","g","t","c","c","g","a","a","g","c","c","t","t","c","c","a","t","a","g","t","c","g","t","a","t","c","-","CentralWAtlantic","2009"
"MneleiGU062752_CentralWAtlantic_2009_leiGUNCBI","-","-","-","a","c","g","a","a","t","c","c","a","a","c","t","t","a","c","c","t","c","c","t","a","g","c","g","c","t","g","t","t","t","c","g","g","t","c","g","g","c","c","g","g","g","-","-","-","t","g","c","t","t","c","c","g","g","g","g","g","a","g","t","c","c","g","t","g","c","c","g","c","t","c","g","c","c","c","c","t","a","t","a","a","g","g","c","c","t","g","t","c","c","c","g","c","t","c","a","g","g","a","t","g","t","c","c","g","a","a","g","c","c","t","t","c","c","a","t","a","g","t","c","g","t","a","t","c","-","CentralWAtlantic","2009"
"MneleiGU062751_CentralWAtlantic_2009_leiGUNCBI","-","-","-","a","c","g","a","a","t","c","c","a","a","c","t","t","a","c","c","t","c","c","t","a","g","c","g","c","t","g","t","t","t","c","g","g","t","c","g","g","c","c","g","g","g","-","-","-","t","g","c","t","t","c","c","g","g","g","g","g","a","g","t","c","c","g","t","g","c","c","g","c","t","c","g","c","c","c","c","t","a","a","a","a","g","g","t","c","t","g","t","c","c","c","g","c","t","c","a","g","g","a","t","g","t","c","c","g","a","a","g","c","c","t","t","c","c","a","t","a","g","t","c","g","t","a","t","c","-","CentralWAtlantic","2009"
"MneleiGU062750_CentralWAtlantic_2009_leiGUNCBI","-","-","-","a","c","g","a","a","t","c","c","a","a","c","t","t","a","c","c","t","c","c","t","a","g","c","g","c","t","g","t","t","t","c","g","g","t","c","g","g","c","c","g","g","g","-","-","-","t","g","c","t","t","c","c","g","g","g","g","g","a","g","t","c","c","g","t","g","c","c","g","c","t","t","g","c","c","c","c","t","a","t","a","a","g","g","t","c","t","g","t","c","c","c","g","c","t","c","a","g","g","a","t","g","t","c","c","g","a","a","g","c","c","t","t","c","c","a","t","a","g","t","c","g","t","a","t","c","-","CentralWAtlantic","2009"
"MneleiHM147277_CaspianSea_2010_leiHMNCBI","-","t","a","a","c","g","a","a","t","c","c","a","a","c","t","t","a","c","c","t","c","c","t","a","g","c","g","c","t","g","t","t","t","c","g","g","t","c","g","g","c","c","g","g","g","-","-","-","t","g","c","t","t","c","c","g","g","g","g","g","a","g","t","c","c","g","t","g","c","c","g","c","t","c","g","c","-","-","-","-","-","-","-","-","-","-","-","-","-","-","-","-","-","-","-","-","-","-","-","-","-","-","-","-","-","-","-","-","-","-","-","-","-","-","-","-","-","-","-","-","-","-","-","-","-","-","-","-","-","CaspianSea","2010"
"MneleiHM147276_CaspianSea_2010_leiHMNCBI","-","t","a","a","c","g","a","a","t","c","c","a","a","c","t","t","a","c","c","t","c","c","t","a","g","c","g","c","t","g","t","t","t","c","g","g","t","c","g","g","c","c","g","g","g","-","-","-","t","g","c","t","t","c","c","g","g","g","g","g","a","g","t","c","c","g","t","g","c","c","g","c","t","t","g","c","-","-","-","-","-","-","-","-","-","-","-","-","-","-","-","-","-","-","-","-","-","-","-","-","-","-","-","-","-","-","-","-","-","-","-","-","-","-","-","-","-","-","-","-","-","-","-","-","-","-","-","-","-","CaspianSea","2010"
"MneleiHM147275_USA:WoodsHole_2010_leiHMNCBI","-","-","-","-","-","-","-","-","-","-","-","-","-","-","-","-","-","-","-","-","-","-","-","-","-","-","-","-","-","-","t","t","t","c","g","g","t","c","g","g","c","c","g","g","g","-","-","-","t","g","c","t","t","c","c","g","g","g","g","g","a","g","t","c","c","-","t","g","c","c","g","c","t","-","g","c","c","c","c","t","a","t","a","a","g","g","-","c","t","g","t","c","c","c","g","c","t","c","a","g","g","a","t","g","t","c","c","g","a","a","g","c","c","t","t","-","c","-","-","-","-","-","-","-","-","-","-","-","-","USA:WoodsHole","2010"
"MneleiHM147274_USA:WoodsHole_2010_leiHMNCBI","-","t","a","a","c","g","a","a","t","c","c","a","a","c","t","t","a","c","c","t","c","c","t","a","g","c","g","c","t","g","t","t","t","c","g","g","t","c","g","g","c","c","g","g","g","-","-","-","t","g","c","t","t","c","c","g","g","g","g","g","a","g","t","c","c","g","t","g","c","c","g","c","t","c","g","c","-","-","-","-","-","-","-","-","-","-","-","-","-","-","-","-","-","-","-","-","-","-","-","-","-","-","-","-","-","-","-","-","-","-","-","-","-","-","-","-","-","-","-","-","-","-","-","-","-","-","-","-","-","USA:WoodsHole","2010"
"MneleiHM147273_USA:WoodsHole_2010_leiHMNCBI","-","t","a","a","c","g","a","a","t","c","c","a","a","c","t","t","a","c","c","t","c","c","t","a","g","c","g","c","t","g","t","t","t","c","g","g","t","c","g","g","c","c","g","g","g","-","-","-","t","g","c","t","t","c","c","g","g","g","g","g","a","g","t","c","c","g","t","g","c","c","g","c","t","t","g","c","-","-","-","-","-","-","-","-","-","-","-","-","-","-","-","-","-","-","-","-","-","-","-","-","-","-","-","-","-","-","-","-","-","-","-","-","-","-","-","-","-","-","-","-","-","-","-","-","-","-","-","-","-","USA:WoodsHole","2010"
"MneleiHM147272_USA:WoodsHole_2010_leiHMNCBI","-","t","a","a","c","g","a","a","t","c","c","a","a","c","t","t","a","c","c","t","c","c","t","a","g","c","g","c","t","g","t","t","t","c","g","g","t","c","g","g","c","c","g","g","g","-","-","-","t","g","c","t","t","c","c","g","g","g","g","g","a","g","t","c","c","g","t","g","c","c","g","c","t","c","g","c","-","-","-","-","-","-","-","-","-","-","-","-","-","-","-","-","-","-","-","-","-","-","-","-","-","-","-","-","-","-","-","-","-","-","-","-","-","-","-","-","-","-","-","-","-","-","-","-","-","-","-","-","-","USA:WoodsHole","2010"
"MneleiHM147271_NGermanyKielFjord_2010_leiHMNCBI","-","t","a","a","c","g","a","a","t","c","c","a","a","c","t","t","a","c","c","t","c","c","t","a","g","c","g","c","t","g","t","t","t","c","g","g","t","c","g","g","c","c","g","g","g","-","-","-","t","g","c","t","t","c","c","g","g","g","g","g","a","g","t","c","c","g","t","g","c","c","g","c","t","t","g","c","-","-","-","-","-","-","-","-","-","-","-","-","-","-","-","-","-","-","-","-","-","-","-","-","-","-","-","-","-","-","-","-","-","-","-","-","-","-","-","-","-","-","-","-","-","-","-","-","-","-","-","-","-","NGermanyKielFjord","2010"
"MneleiHM147270_NGermanyKielFjord_2010_leiHMNCBI","-","t","a","a","c","g","a","a","t","c","c","a","a","c","t","t","a","c","c","t","c","c","t","a","g","c","g","c","t","g","t","t","t","c","g","g","t","c","g","g","c","c","g","g","g","-","-","-","t","g","c","t","t","c","c","g","g","g","g","g","a","g","t","c","c","g","t","g","c","c","g","c","t","c","g","c","-","-","-","-","-","-","-","-","-","-","-","-","-","-","-","-","-","-","-","-","-","-","-","-","-","-","-","-","-","-","-","-","-","-","-","-","-","-","-","-","-","-","-","-","-","-","-","-","-","-","-","-","-","NGermanyKielFjord","2010"
"MneleiHM147269_Germany:Maasholm_2010_leiHMNCBI","-","t","a","a","c","g","a","a","t","c","c","a","a","c","t","t","a","c","c","t","c","c","t","a","g","c","g","c","t","g","t","t","t","c","g","g","t","c","g","g","c","c","g","g","g","-","-","-","t","g","c","t","t","c","c","g","g","g","g","g","a","g","t","c","c","g","t","g","c","c","g","c","t","c","g","c","c","c","c","t","a","t","a","a","g","g","c","c","t","g","t","c","c","c","g","-","-","-","-","-","-","-","-","-","-","-","-","-","-","-","-","-","-","-","-","-","-","-","-","-","-","-","-","-","-","-","-","-","-","Germany:Maasholm","2010"
"MneleiHM147268_Germany:Maasholm_2010_leiHMNCBI","-","t","a","a","c","g","a","a","t","c","c","a","a","c","t","t","a","c","c","t","c","c","t","a","g","c","g","c","t","g","t","t","t","c","g","g","t","c","g","g","c","c","g","g","g","-","-","-","t","g","c","t","t","c","c","g","g","g","g","g","a","g","t","c","c","g","t","g","c","c","g","c","t","c","g","c","c","c","c","t","a","a","a","a","g","g","t","c","t","g","t","c","c","c","g","-","-","-","-","-","-","-","-","-","-","-","-","-","-","-","-","-","-","-","-","-","-","-","-","-","-","-","-","-","-","-","-","-","-","Germany:Maasholm","2010"
"MneleiHM147267_Germany:Maasholm_2010_leiHMNCBI","-","t","a","a","c","g","a","a","t","c","c","a","a","c","t","t","a","c","c","t","c","c","t","a","g","c","g","c","t","g","t","t","t","c","g","g","t","c","g","g","c","c","g","g","g","-","-","-","t","g","c","t","t","c","c","g","g","g","g","g","a","g","t","c","c","g","t","g","c","c","g","c","t","t","g","c","c","c","c","t","a","t","a","a","g","g","t","c","t","g","t","c","c","c","g","-","-","-","-","-","-","-","-","-","-","-","-","-","-","-","-","-","-","-","-","-","-","-","-","-","-","-","-","-","-","-","-","-","-","Germany:Maasholm","2010"
"MneleiHM147266_Germany:Maasholm_2010_leiHMNCBI","-","t","a","a","c","g","a","a","t","c","c","a","a","c","t","t","a","c","c","t","c","c","t","a","g","c","g","c","t","g","t","t","t","c","g","g","t","c","g","g","c","c","g","g","g","-","-","-","t","g","c","t","t","c","c","g","g","g","g","g","a","g","t","c","c","g","t","g","c","c","g","c","t","c","g","c","c","c","c","t","a","t","a","a","g","g","c","c","t","g","t","c","c","c","g","-","-","-","-","-","-","-","-","-","-","-","-","-","-","-","-","-","-","-","-","-","-","-","-","-","-","-","-","-","-","-","-","-","-","Germany:Maasholm","2010"
"MneleiHM147265_NWGermanyNSeaHelgolandRds_2010_leiHMNCBI","-","-","-","-","-","-","-","-","-","-","-","-","-","-","-","-","-","-","-","-","-","-","-","-","-","-","-","-","-","-","-","-","-","-","-","-","-","-","-","-","-","-","-","g","g","-","-","-","t","g","c","t","t","c","c","g","g","g","g","g","a","g","t","c","c","g","t","g","c","c","g","c","t","c","g","c","c","c","c","t","a","t","a","a","g","g","c","c","t","g","t","c","c","c","g","c","t","c","a","g","g","a","t","g","t","c","c","g","a","a","g","c","c","t","t","c","c","-","-","-","-","-","-","-","-","-","-","-","-","NWGermanyNSeaHelgolandRds","2010"
"MneleiHM147264_NWGermanyNSeaHelgolandRds_2010_leiHMNCBI","-","-","-","-","-","-","-","-","-","-","-","-","-","-","-","-","-","-","-","-","-","-","-","-","-","-","-","-","-","-","-","-","-","-","-","g","t","c","g","g","c","c","g","g","g","-","-","-","t","g","c","t","t","c","c","g","g","g","g","g","a","g","t","c","c","g","t","g","c","c","g","c","t","c","g","c","c","c","c","t","a","t","a","a","g","g","c","c","t","g","t","c","c","c","g","c","t","c","a","g","g","a","t","g","t","c","c","g","a","a","g","c","c","t","t","c","c","-","-","-","-","-","-","-","-","-","-","-","-","NWGermanyNSeaHelgolandRds","2010"
"MneleiHM147263_NWGermanyNSeaHelgolandRds_2010_leiHMNCBI","-","-","-","-","-","-","-","-","-","-","-","-","-","-","-","-","-","-","-","-","-","-","-","-","-","c","g","c","t","g","t","t","t","c","g","g","t","c","g","g","c","c","g","g","g","-","-","-","t","g","c","t","t","c","c","g","g","g","g","g","a","g","t","c","c","g","t","g","c","c","g","c","t","-","g","c","c","c","c","t","a","t","a","a","g","g","t","c","t","g","t","c","c","c","g","c","t","c","a","g","g","a","t","g","t","c","c","g","a","a","g","c","c","t","t","c","c","-","-","-","-","-","-","-","-","-","-","-","-","NWGermanyNSeaHelgolandRds","2010"
"MneleiHM147262_NWGermanyNSeaHelgolandRds_2010_leiHMNCBI","-","-","-","-","-","-","-","-","-","-","-","-","-","-","-","-","-","-","-","-","-","-","-","-","-","-","-","-","-","-","-","-","-","-","-","-","-","-","-","-","-","-","g","g","g","-","-","-","t","g","c","t","t","c","c","g","g","g","g","g","a","g","t","c","c","g","t","g","c","c","g","c","t","c","g","c","c","c","c","t","a","t","a","a","g","g","c","c","t","g","t","c","c","c","g","c","t","c","a","g","g","a","t","g","t","c","c","g","a","a","g","c","c","t","t","c","c","-","-","-","-","-","-","-","-","-","-","-","-","NWGermanyNSeaHelgolandRds","2010"
"MneleiHM147261_BalticSea_2010_leiHMNCBI","-","t","a","a","c","g","a","a","t","c","c","a","a","c","t","t","a","c","c","t","c","c","t","a","g","c","g","c","t","g","t","t","t","c","g","g","t","c","g","g","c","c","g","g","g","-","-","-","t","g","c","t","t","c","c","g","g","g","g","g","a","g","t","c","c","g","t","g","c","c","g","c","t","c","g","c","c","c","c","t","a","t","a","a","g","g","c","c","t","g","t","c","c","c","g","c","t","c","a","g","g","a","t","g","t","c","c","g","a","a","g","c","c","t","t","c","c","-","-","-","-","-","-","-","-","-","-","-","-","BalticSea","2010"
"MneleiHM147260_BalticSea_2010_leiHMNCBI","-","t","a","a","c","g","a","a","t","c","c","a","a","c","t","t","a","c","c","t","c","c","t","a","g","c","g","c","t","g","t","t","t","c","g","g","t","c","g","g","c","c","g","g","g","-","-","-","t","g","c","t","t","c","c","g","g","g","g","g","a","g","t","c","c","g","t","g","c","c","g","c","t","c","g","c","c","c","c","t","a","t","a","a","g","g","c","c","t","g","t","c","c","c","g","c","t","c","a","g","g","a","t","g","t","c","c","g","a","a","g","c","c","t","t","c","c","-","-","-","-","-","-","-","-","-","-","-","-","BalticSea","2010"
"MneleiHM147259_BalticSea_2010_leiHMNCBI","-","t","a","a","c","g","a","a","t","c","c","a","a","c","t","t","a","c","c","t","c","c","t","a","g","c","g","c","t","g","t","t","t","c","g","g","t","c","g","g","c","c","g","g","g","-","-","-","t","g","c","t","t","c","c","g","g","g","g","g","a","g","t","c","c","g","t","g","c","c","g","c","t","c","g","c","c","c","c","t","a","t","a","a","g","g","c","c","t","g","t","c","c","c","g","c","t","c","a","g","g","a","t","g","t","c","c","g","a","a","g","c","c","t","t","c","c","-","-","-","-","-","-","-","-","-","-","-","-","BalticSea","2010"
"MneleiHM147258_BalticSea_2010_leiHMNCBI","-","-","-","-","-","-","-","-","-","-","-","-","-","-","t","t","a","c","c","t","c","c","t","a","g","c","g","c","t","g","t","t","t","c","g","g","t","c","g","g","c","c","g","g","g","-","-","-","t","g","c","t","t","c","c","g","g","g","g","g","a","g","t","c","c","g","t","g","c","c","g","c","t","c","g","c","c","c","c","t","a","t","a","a","g","g","c","c","t","g","t","c","c","c","g","c","t","c","a","g","g","a","t","g","t","c","c","g","a","a","g","c","c","t","t","c","c","-","-","-","-","-","-","-","-","-","-","-","-","BalticSea","2010"
"MneleiHM147257_USA:WoodsHole_2010_leiHMNCBI","-","-","-","-","-","-","-","-","-","-","-","-","-","-","t","t","a","c","c","t","c","c","t","a","g","c","g","c","t","g","t","t","t","c","g","g","t","c","g","g","c","c","g","g","g","-","-","-","t","g","c","t","t","c","c","g","g","g","g","g","a","g","t","c","c","g","t","g","c","c","g","c","t","c","g","c","c","c","c","t","a","t","a","a","g","g","c","c","t","g","t","c","c","c","g","c","t","c","a","g","g","a","t","g","t","c","c","g","a","a","g","c","c","t","t","c","c","-","-","-","-","-","-","-","-","-","-","-","-","USA:WoodsHole","2010"
"MneleiEF175465_AtlanticOcean:NWAtlantic_2007_leiEFNCBI","-","t","a","a","c","g","a","a","t","c","c","a","a","c","t","t","a","c","t","t","c","c","t","a","g","a","g","c","t","g","c","t","t","c","g","g","t","c","g","g","t","c","g","a","g","a","g","a","-","-","-","c","g","t","a","a","a","a","t","c","t","c","c","t","t","a","t","t","c","a","a","t","c","c","a","t","-","-","-","-","-","-","-","-","-","-","-","-","-","-","-","-","-","-","-","-","-","-","-","-","-","-","-","-","-","-","-","-","-","-","-","-","-","-","-","-","-","-","-","-","-","-","-","-","-","-","-","-","-","AtlanticOcean:NWAtlantic","2007"
"MneleiEF175464_AtlanticOcean:NWAtlantic_2007_leiEFNCBI","-","t","a","a","c","g","a","a","t","c","c","a","a","c","t","t","a","c","t","t","c","c","t","a","g","a","g","c","t","g","c","t","t","c","g","g","t","c","g","g","t","c","g","a","g","a","g","a","-","-","-","c","g","t","a","a","a","a","t","c","-","c","c","t","t","a","t","t","c","a","a","t","c","c","a","t","-","-","-","-","-","-","-","-","-","-","-","-","-","-","-","-","-","-","-","-","-","-","-","-","-","-","-","-","-","-","-","-","-","-","-","-","-","-","-","-","-","-","-","-","-","-","-","-","-","-","-","-","-","AtlanticOcean:NWAtlantic","2007"
"MneleiEF175463_Netherlands_2007_leiEFNCBI","-","t","a","a","c","g","a","a","t","c","c","a","a","c","t","t","a","c","c","t","c","c","t","a","g","c","g","c","t","g","t","t","t","c","g","g","t","c","g","g","c","c","g","g","g","-","-","-","t","g","c","t","t","c","c","g","g","g","g","g","a","g","t","c","c","g","t","g","c","c","g","c","t","c","g","c","-","-","-","-","-","-","-","-","-","-","-","-","-","-","-","-","-","-","-","-","-","-","-","-","-","-","-","-","-","-","-","-","-","-","-","-","-","-","-","-","-","-","-","-","-","-","-","-","-","-","-","-","-","Netherlands","2007"
"MneleiOU817778_NEAtlantic_2021_leiOUNCBI","-","t","a","a","c","g","a","a","t","c","c","a","a","c","t","t","a","c","c","t","c","c","t","a","g","c","g","c","t","g","t","t","t","c","g","g","t","c","g","g","c","c","g","g","g","-","-","-","t","g","c","t","t","c","c","g","g","g","g","g","a","g","t","c","c","g","t","g","c","c","g","c","t","-","g","c","c","c","c","t","a","c","a","a","g","g","t","c","t","g","t","c","c","c","g","c","t","c","a","g","g","a","t","g","t","c","c","g","a","a","g","c","c","t","t","c","c","a","t","a","g","t","c","g","t","a","t","c","g","NEAtlantic","2021"
"MneleiOU817777_NEAtlantic_2021_leiOUNCBI","-","t","a","a","c","g","a","a","t","c","c","a","a","c","t","t","a","c","c","t","c","c","t","a","g","c","g","c","t","g","t","t","t","c","g","g","t","c","g","g","c","c","g","g","g","-","-","-","t","g","c","t","t","c","c","g","g","g","g","g","a","g","t","c","c","g","t","g","c","c","g","c","t","c","g","c","c","c","c","t","a","t","a","a","g","g","c","c","t","g","t","c","c","c","g","c","t","c","a","g","g","a","t","g","t","c","c","g","a","a","g","c","c","t","t","c","c","a","c","a","g","t","c","g","t","a","t","c","-","NEAtlantic","2021"
"Mnelei057_NJyllandLimfjord_2017_2017","-","-","-","-","-","-","-","-","-","-","-","a","a","c","t","t","a","c","c","t","c","c","t","a","g","c","g","c","t","g","t","t","t","c","g","g","t","c","g","g","c","c","g","g","g","-","-","-","t","g","c","t","t","c","c","g","g","g","g","g","a","g","t","c","c","g","t","g","c","c","g","c","t","t","g","c","c","c","c","t","a","t","a","a","g","g","-","c","t","g","t","c","c","c","g","c","t","c","a","g","g","a","t","g","t","c","c","g","a","a","g","c","c","t","t","c","c","a","-","-","-","-","-","-","-","-","-","-","-","NJyllandLimfjord","2017"
"Mnelei074_JyllandMariagerfjord_2017_2017Sep","-","-","-","-","-","-","-","-","-","-","-","a","a","c","t","t","a","c","c","t","c","c","t","a","g","c","g","c","t","g","t","t","t","c","g","g","t","c","g","g","c","c","g","g","g","-","-","-","t","g","c","t","t","c","c","g","g","g","g","g","a","g","t","c","c","g","t","g","c","c","g","c","t","t","g","c","c","c","c","t","a","t","a","a","g","g","t","c","t","g","t","c","c","c","g","c","t","c","a","g","g","a","t","g","t","c","c","g","a","a","g","c","c","t","t","c","c","a","-","-","-","-","-","-","-","-","-","-","-","JyllandMariagerfjord","2017"
"Mnelei076_FynKerteminde_2017_2017Aug","-","-","-","-","-","-","-","-","-","-","-","a","a","c","t","t","a","c","c","t","c","c","t","a","g","c","g","c","t","g","t","t","t","c","g","g","t","c","g","g","c","c","g","g","g","-","-","-","t","g","c","t","t","c","c","g","g","g","g","g","a","g","t","c","c","g","t","g","c","c","g","c","t","-","g","c","c","c","c","t","a","t","a","a","g","g","t","c","t","g","t","c","c","c","g","c","t","c","a","g","g","a","t","g","t","c","c","g","a","a","g","c","c","t","t","c","c","a","-","-","-","-","-","-","-","-","-","-","-","FynKerteminde","2017"
"Mnelei157_NWGermanyNSeaHelgolandRds_2018_2018Aug","-","-","-","-","-","-","-","-","-","-","-","a","a","c","t","t","a","c","c","t","c","c","t","a","g","c","g","c","t","g","t","t","t","c","g","g","t","c","g","g","c","c","g","g","g","-","-","-","t","g","c","t","t","c","c","g","g","g","g","g","a","g","t","c","c","g","t","g","c","c","g","c","t","-","g","c","c","c","c","t","a","t","a","a","g","g","-","c","t","g","t","c","c","c","g","c","t","c","a","g","g","a","t","g","t","c","c","g","a","a","g","c","c","t","t","c","c","a","-","-","-","-","-","-","-","-","-","-","-","NWGermanyNSeaHelgolandRds","2018"
"Mnelei101_FynKerteminde_2017_2017Oct","-","-","-","-","-","-","-","-","-","-","-","a","a","c","t","t","a","c","c","t","c","c","t","a","g","c","g","c","t","g","t","t","t","c","g","g","t","c","g","g","c","c","g","g","g","-","-","-","t","g","c","t","t","c","c","g","g","g","g","g","a","g","t","c","c","g","t","g","c","c","g","c","t","t","g","c","c","c","c","t","a","t","a","a","g","g","t","c","t","g","t","c","c","c","g","c","t","c","a","g","g","a","t","g","t","c","c","g","a","a","g","c","c","t","t","c","c","a","-","-","-","-","-","-","-","-","-","-","-","FynKerteminde","2017"
"Mnelei147_NWGermanyWaddenSeaBussumHaupstr_2018_2018jul","-","-","-","-","-","-","-","-","-","-","-","a","a","c","t","t","a","c","c","t","c","c","t","a","g","c","g","c","t","g","t","t","t","c","g","g","t","c","g","g","c","c","g","g","g","-","-","-","t","g","c","t","t","c","c","g","g","g","g","g","a","g","t","c","c","g","t","g","c","c","g","c","t","c","g","c","c","c","c","t","a","t","a","a","g","g","c","c","t","g","t","c","c","c","g","c","t","c","a","g","g","a","t","g","t","c","c","g","a","a","g","c","c","t","t","c","c","a","-","-","-","-","-","-","-","-","-","-","-","NWGermanyWaddenSeaBussumHaupstr","2018"
"Mnelei066_SjaellandSkovshoved_2017_2017Sep","-","-","-","-","-","-","-","-","-","-","-","a","a","c","t","t","a","c","c","t","c","c","t","a","g","c","g","c","t","g","t","t","t","c","g","g","t","c","g","g","c","c","g","g","g","-","-","-","t","g","c","t","t","c","c","g","g","g","g","g","a","g","t","c","c","g","t","g","c","c","g","c","t","t","g","c","c","c","c","t","a","t","a","a","g","g","t","c","t","g","t","c","c","c","g","c","t","c","a","g","g","a","t","g","t","c","c","g","a","a","g","c","c","t","t","c","c","a","-","-","-","-","-","-","-","-","-","-","-","SjaellandSkovshoved","2017"
"Mnelei068_SjaellandSkovshoved_2017_2017Sep","-","-","-","-","-","-","-","-","-","-","-","a","a","c","t","t","a","c","c","t","c","c","t","a","g","c","g","c","t","g","t","t","t","c","g","g","t","c","g","g","c","c","g","g","g","-","-","-","t","g","c","t","t","c","c","g","g","g","g","g","a","g","t","c","c","g","t","g","c","c","g","c","t","c","g","c","c","c","c","t","a","-","a","a","g","g","t","c","t","g","t","c","c","c","g","c","t","c","a","g","g","a","t","g","t","c","c","g","a","a","g","c","c","t","t","c","c","a","-","-","-","-","-","-","-","-","-","-","-","SjaellandSkovshoved","2017"
"Mnelei109_NGermanyKielFjord_2018_2018Feb","-","-","-","-","-","-","-","-","-","-","-","a","a","c","t","t","a","c","c","t","c","c","t","a","g","c","g","c","t","g","t","t","t","c","g","g","t","c","g","g","c","c","g","g","g","-","-","-","t","g","c","t","t","c","c","g","g","g","g","g","a","g","t","c","c","g","t","g","c","c","g","c","t","c","g","c","c","c","c","t","a","t","a","a","g","g","t","c","t","g","t","c","c","c","g","c","t","c","a","g","g","a","t","g","t","c","c","g","a","a","g","c","c","t","t","c","c","a","-","-","-","-","-","-","-","-","-","-","-","NGermanyKielFjord","2018"
"Mnelei056_NJyllandLimfjord_2017_2017","-","-","-","-","-","-","-","-","-","-","-","a","a","c","t","t","a","c","c","t","c","c","t","a","g","c","g","c","t","g","t","t","t","c","g","g","t","c","g","g","c","c","g","g","g","-","-","-","t","g","c","t","t","c","c","g","g","g","g","g","a","g","t","c","c","g","t","g","c","c","g","c","t","c","g","c","c","c","c","t","a","t","a","a","g","g","c","c","t","g","t","c","c","c","g","c","t","c","a","g","g","a","t","g","t","c","c","g","a","a","g","c","c","t","t","c","c","a","-","-","-","-","-","-","-","-","-","-","-","NJyllandLimfjord","2017"
"Mnelei058_NJyllandLimfjord_2017_2017","-","-","-","-","-","-","-","-","-","-","-","a","a","c","t","t","a","c","c","t","c","c","t","a","g","c","g","c","t","g","t","t","t","c","g","g","t","c","g","g","c","c","g","g","g","-","-","-","t","g","c","t","t","c","c","g","g","g","g","g","a","g","t","c","c","g","t","g","c","c","g","c","t","c","g","c","c","c","c","t","a","t","a","a","g","g","c","c","t","g","t","c","c","c","g","c","t","c","a","g","g","a","t","g","t","c","c","g","a","a","g","c","c","t","t","c","c","a","-","-","-","-","-","-","-","-","-","-","-","NJyllandLimfjord","2017"
"Mnelei059_NJyllandLimfjord_2017_2017","-","-","-","-","-","-","-","-","-","-","-","a","a","c","t","t","a","c","c","t","c","c","t","a","g","c","g","c","t","g","t","t","t","c","g","g","t","c","g","g","c","c","g","g","g","-","-","-","t","g","c","t","t","c","c","g","g","g","g","g","a","g","t","c","c","g","t","g","c","c","g","c","t","c","g","c","c","c","c","t","a","t","a","a","g","g","-","c","t","g","t","c","c","c","g","c","t","c","a","g","g","a","t","g","t","c","c","g","a","a","g","c","c","t","t","c","c","a","-","-","-","-","-","-","-","-","-","-","-","NJyllandLimfjord","2017"
"Mnelei060_NJyllandLimfjord_2017_2017","-","-","-","-","-","-","-","-","-","-","-","a","a","c","t","t","a","c","c","t","c","c","t","a","g","c","g","c","t","g","t","t","t","c","g","g","t","c","g","g","c","c","g","g","g","-","-","-","t","g","c","t","t","c","c","g","g","g","g","g","a","g","t","c","c","g","t","g","c","c","g","c","t","c","g","c","c","c","c","t","a","t","a","a","g","g","-","c","t","g","t","c","c","c","g","c","t","c","a","g","g","a","t","g","t","c","c","g","a","a","g","c","c","t","t","c","c","a","-","-","-","-","-","-","-","-","-","-","-","NJyllandLimfjord","2017"
"Mnelei070_SjaellandSkovshoved_2017_2017Sep","-","-","-","-","-","-","-","-","-","-","-","a","a","c","t","t","a","c","c","t","c","c","t","a","g","c","g","c","t","g","t","t","t","c","g","g","t","c","g","g","c","c","g","g","g","-","-","-","t","g","c","t","t","c","c","g","g","g","g","g","a","g","t","c","c","g","t","g","c","c","g","c","t","c","g","c","c","c","c","t","a","t","a","a","g","g","c","c","t","g","t","c","c","c","g","c","t","c","a","g","g","a","t","g","t","c","c","g","a","a","g","c","c","t","t","c","c","a","-","-","-","-","-","-","-","-","-","-","-","SjaellandSkovshoved","2017"
"Mnelei078_FynKerteminde_2017_2017Aug","-","-","-","-","-","-","-","-","-","-","-","a","a","c","t","t","a","c","c","t","c","c","t","a","g","c","g","c","t","g","t","t","t","c","g","g","t","c","g","g","c","c","g","g","g","-","-","-","t","g","c","t","t","c","c","g","g","g","g","g","a","g","t","c","c","g","t","g","c","c","g","c","t","c","g","c","c","c","c","t","a","t","a","a","g","g","c","c","t","g","t","c","c","c","g","c","t","c","a","g","g","a","t","g","t","c","c","g","a","a","g","c","c","t","t","c","c","a","-","-","-","-","-","-","-","-","-","-","-","FynKerteminde","2017"
"Mnelei120_FynBogense_2017_2017Nov","-","-","-","-","-","-","-","-","-","-","-","a","a","c","t","t","a","c","c","t","c","c","t","a","g","c","g","c","t","g","t","t","t","c","g","g","t","c","g","g","c","c","g","g","g","-","-","-","t","g","c","t","t","c","c","g","g","g","g","g","a","g","t","c","c","g","t","g","c","c","g","c","t","c","g","c","c","c","c","t","a","t","a","a","g","g","c","c","t","g","t","c","c","c","g","c","t","c","a","g","g","a","t","g","t","c","c","g","a","a","g","c","c","t","t","c","c","a","-","-","-","-","-","-","-","-","-","-","-","FynBogense","2017"
"Mnelei067_SjaellandSkovshoved_2017_2017Sep","-","-","-","-","-","-","-","-","-","-","-","a","a","c","t","t","a","c","c","t","c","c","t","a","g","c","g","c","t","g","t","t","t","c","g","g","t","c","g","g","c","c","g","g","g","-","-","-","t","g","c","t","t","c","c","g","g","g","g","g","a","g","t","c","c","g","t","g","c","c","g","c","t","c","g","c","c","c","c","t","a","t","a","a","g","g","c","c","t","g","t","c","c","c","g","c","t","c","a","g","g","a","t","g","t","c","c","g","a","a","g","c","c","t","t","c","c","a","-","-","-","-","-","-","-","-","-","-","-","SjaellandSkovshoved","2017"
"Mnelei150_NGermanyMecklenburgerBuchtWismarBucht_2018_2018Aug","-","-","-","-","-","-","-","-","-","-","-","a","a","c","t","t","a","c","c","t","c","c","t","a","g","c","g","c","t","g","t","t","t","c","g","g","t","c","g","g","c","c","g","g","g","-","-","-","t","g","c","t","t","c","c","g","g","g","g","g","a","g","t","c","c","g","t","g","c","c","g","c","t","c","g","c","c","c","c","t","a","t","a","a","g","g","c","c","t","g","t","c","c","c","g","c","t","c","a","g","g","a","t","g","t","c","c","g","a","a","g","c","c","t","t","c","c","a","-","-","-","-","-","-","-","-","-","-","-","NGermanyMecklenburgerBuchtWismarBucht","2018"
"Mnelei069_SjaellandSkovshoved_2017_2017Sep","-","-","-","-","-","-","-","-","-","-","-","a","a","c","t","t","a","c","c","t","c","c","t","a","g","c","g","c","t","g","t","t","t","c","g","g","t","c","g","g","c","c","g","g","g","-","-","-","t","g","c","t","t","c","c","g","g","g","g","g","a","g","t","c","c","g","t","g","c","c","g","c","t","c","g","c","c","c","c","t","a","t","a","a","g","g","-","c","t","g","t","c","c","c","g","c","t","c","a","g","g","a","t","g","t","c","c","g","a","a","g","c","c","t","t","c","c","a","-","-","-","-","-","-","-","-","-","-","-","SjaellandSkovshoved","2017"
"Mnelei155_NGermanyMecklenburgerBuchtWismarBucht_2018_2018Aug","-","-","-","-","-","-","-","-","-","-","-","a","a","c","t","t","a","c","c","t","c","c","t","a","g","c","g","c","t","g","t","t","t","c","g","g","t","c","g","g","c","c","g","g","g","-","-","-","t","g","c","t","t","c","c","g","g","g","g","g","a","g","t","c","c","g","t","g","c","c","g","c","t","c","g","c","c","c","c","t","a","t","a","a","g","g","c","c","t","g","t","c","c","c","g","c","t","c","a","g","g","a","t","g","t","c","c","g","a","a","g","c","c","t","t","c","c","a","-","-","-","-","-","-","-","-","-","-","-","NGermanyMecklenburgerBuchtWismarBucht","2018"
"Mnelei162_NWGermanyNSeaHelgolandRds_2018_2018Aug","-","-","-","-","-","-","-","-","-","-","-","a","a","c","t","t","a","c","c","t","c","c","t","a","g","c","g","c","t","g","t","t","t","c","g","g","t","c","g","g","c","c","g","g","g","-","-","-","t","g","c","t","t","c","c","g","g","g","g","g","a","g","t","c","c","g","t","g","c","c","g","c","t","c","g","c","c","c","c","t","a","t","a","a","g","g","c","c","t","g","t","c","c","c","g","c","t","c","a","g","g","a","t","g","t","c","c","g","a","a","g","c","c","t","t","c","c","a","-","-","-","-","-","-","-","-","-","-","-","NWGermanyNSeaHelgolandRds","2018"
"Mnelei099_NGermanyMecklenburgerBuchtWismarBucht_2017_2017Jul","-","-","-","-","-","-","-","-","-","-","-","a","a","c","t","t","a","c","c","t","c","c","t","a","g","c","g","c","t","g","t","t","t","c","g","g","t","c","g","g","c","c","g","g","g","-","-","-","t","g","c","t","t","c","c","g","g","g","g","g","a","g","t","c","c","g","t","g","c","c","g","c","t","c","g","c","c","c","c","t","a","t","a","a","g","g","c","c","t","g","t","c","c","c","g","c","t","c","a","g","g","a","t","g","t","c","c","g","a","a","g","c","c","t","t","c","c","a","-","-","-","-","-","-","-","-","-","-","-","NGermanyMecklenburgerBuchtWismarBucht","2017"
"Mnelei152_NGermanyMecklenburgerBuchtWismarBucht_2018_2018Aug","-","-","-","-","-","-","-","-","-","-","-","a","a","c","t","t","a","c","c","t","c","c","t","a","g","c","g","c","t","g","t","t","t","c","g","g","t","c","g","g","c","c","g","g","g","-","-","-","t","g","c","t","t","c","c","g","g","g","g","g","a","g","t","c","c","g","t","g","c","c","g","c","t","c","g","c","c","c","c","t","a","t","a","a","g","g","c","c","t","g","t","c","c","c","g","c","t","c","a","g","g","a","t","g","t","c","c","g","a","a","g","c","c","t","t","c","c","a","-","-","-","-","-","-","-","-","-","-","-","NGermanyMecklenburgerBuchtWismarBucht","2018"
"Mnelei075_JyllandMariagerfjord_2017_2017Sep","-","-","-","-","-","-","-","-","-","-","-","a","a","c","t","t","a","c","c","t","c","c","t","a","g","c","g","c","t","g","t","t","t","c","g","g","t","c","g","g","c","c","g","g","g","-","-","-","t","g","c","t","t","c","c","g","g","g","g","g","a","g","t","c","c","g","t","g","c","c","g","c","t","c","g","c","c","c","c","t","a","t","a","a","g","g","c","c","t","g","t","c","c","c","g","c","t","c","a","g","g","a","t","g","t","c","c","g","a","a","g","c","c","t","t","c","c","a","-","-","-","-","-","-","-","-","-","-","-","JyllandMariagerfjord","2017"
"Mnelei079_FynKerteminde_2017_2017Aug","-","-","-","-","-","-","-","-","-","-","-","a","a","c","t","t","a","c","c","t","c","c","t","a","g","c","g","c","t","g","t","t","t","c","g","g","t","c","g","g","c","c","g","g","g","-","-","-","t","g","c","t","t","c","c","g","g","g","g","g","a","g","t","c","c","g","t","g","c","c","g","c","t","c","g","c","c","c","c","t","a","t","a","a","g","g","c","c","t","g","t","c","c","c","g","c","t","c","a","g","g","a","t","g","t","c","c","g","a","a","g","c","c","t","t","c","c","a","-","-","-","-","-","-","-","-","-","-","-","FynKerteminde","2017"
"Mnelei072_JyllandMariagerfjord_2017_2017Sep","-","-","-","-","-","-","-","-","-","-","-","a","a","c","t","t","a","c","c","t","c","c","t","a","g","c","g","c","t","g","t","t","t","c","g","g","t","c","g","g","c","c","g","g","g","-","-","-","t","g","c","t","t","c","c","g","g","g","g","g","a","g","t","c","c","g","t","g","c","c","g","c","t","c","g","c","c","c","c","t","a","t","a","a","g","g","c","c","t","g","t","c","c","c","g","c","t","c","a","g","g","a","t","g","t","c","c","g","a","a","g","c","c","t","t","c","c","a","-","-","-","-","-","-","-","-","-","-","-","JyllandMariagerfjord","2017"
"Mnelei156_NGermanyMecklenburgerBuchtWismarBucht_2018_2018Aug","-","-","-","-","-","-","-","-","-","-","-","a","a","c","t","t","a","c","c","t","c","c","t","a","g","c","g","c","t","g","t","t","t","c","g","g","t","c","g","g","c","c","g","g","g","-","-","-","t","g","c","t","t","c","c","g","g","g","g","g","a","g","t","c","c","g","t","g","c","c","g","c","t","c","g","c","c","c","c","t","a","t","a","a","g","g","c","c","t","g","t","c","c","c","g","c","t","c","a","g","g","a","t","g","t","c","c","g","a","a","g","c","c","t","t","c","c","a","-","-","-","-","-","-","-","-","-","-","-","NGermanyMecklenburgerBuchtWismarBucht","2018"
"Mnelei073_JyllandMariagerfjord_2017_2017Sep","-","-","-","-","-","-","-","-","-","-","-","a","a","c","t","t","a","c","c","t","c","c","t","a","g","c","g","c","t","g","t","t","t","c","g","g","t","c","g","g","c","c","g","g","g","-","-","-","t","g","c","t","t","c","c","g","g","g","g","g","a","g","t","c","c","g","t","g","c","c","g","c","t","c","g","c","c","c","c","t","a","t","a","a","g","g","c","c","t","g","t","c","c","c","g","c","t","c","a","g","g","a","t","g","t","c","c","g","a","a","g","c","c","t","t","c","c","a","-","-","-","-","-","-","-","-","-","-","-","JyllandMariagerfjord","2017"
"Mnelei077_FynKerteminde_2017_2017Aug","-","-","-","-","-","-","-","-","-","-","-","a","a","c","t","t","a","c","c","t","c","c","t","a","g","c","g","c","t","g","t","t","t","c","g","g","t","c","g","g","c","c","g","g","g","-","-","-","t","g","c","t","t","c","c","g","g","g","g","g","a","g","t","c","c","g","t","g","c","c","g","c","t","c","g","c","c","c","c","t","a","t","a","a","g","g","c","c","t","g","t","c","c","c","g","c","t","c","a","g","g","a","t","g","t","c","c","g","a","a","g","c","c","t","t","c","c","a","-","-","-","-","-","-","-","-","-","-","-","FynKerteminde","2017"
"Mnelei159_NWGermanyNSeaHelgolandRds_2018_2018Aug","-","-","-","-","-","-","-","-","-","-","-","a","a","c","t","t","a","c","c","t","c","c","t","a","g","c","g","c","t","g","t","t","t","c","g","g","t","c","g","g","c","c","g","g","g","-","-","-","t","g","c","t","t","c","c","g","g","g","g","g","a","g","t","c","c","g","t","g","c","c","g","c","t","c","g","c","c","c","c","t","a","t","a","a","g","g","c","c","t","g","t","c","c","c","g","c","t","c","a","g","g","a","t","g","t","c","c","g","a","a","g","c","c","t","t","c","c","a","-","-","-","-","-","-","-","-","-","-","-","NWGermanyNSeaHelgolandRds","2018"
"Mnelei121_FynBogense_2017_2017Nov","-","-","-","-","-","-","-","-","-","-","-","a","a","c","t","t","a","c","c","t","c","c","t","a","g","c","g","c","t","g","t","t","t","c","g","g","t","c","g","g","c","c","g","g","g","-","-","-","t","g","c","t","t","c","c","g","g","g","g","g","a","g","t","c","c","g","t","g","c","c","g","c","t","c","g","c","c","c","c","t","a","a","a","a","g","g","-","c","t","g","t","c","c","c","g","c","t","c","a","g","g","a","t","g","t","c","c","g","a","a","g","c","c","t","t","c","c","a","-","-","-","-","-","-","-","-","-","-","-","FynBogense","2017"
"Mnelei071_JyllandMariagerfjord_2017_2017Sep","-","-","-","-","-","-","-","-","-","-","-","a","a","c","t","t","a","c","c","t","c","c","t","a","g","c","g","c","t","g","t","t","t","c","g","g","t","c","g","g","c","c","g","g","g","-","-","-","t","g","c","t","t","c","c","g","g","g","g","g","a","g","t","c","c","g","t","g","c","c","g","c","t","c","g","c","c","c","c","t","a","t","a","a","g","g","c","c","t","g","t","c","c","c","g","c","t","c","a","g","g","a","t","g","t","c","c","g","a","a","g","c","c","t","t","c","c","a","-","-","-","-","-","-","-","-","-","-","-","JyllandMariagerfjord","2017"
"Mnelei108_NGermanyKielFjord_2018_2018Feb","-","-","-","-","-","-","-","-","-","-","-","a","a","c","t","t","a","c","c","t","c","c","t","a","g","c","g","c","t","g","t","t","t","c","g","g","t","c","g","g","c","c","g","g","g","-","-","-","t","g","c","t","t","c","c","g","g","g","g","g","a","g","t","c","c","g","t","g","c","c","g","c","t","c","g","c","c","c","c","t","a","t","a","a","g","g","c","c","t","g","t","c","c","c","g","c","t","c","a","g","g","a","t","g","t","c","c","g","a","a","g","c","c","t","t","c","c","a","-","-","-","-","-","-","-","-","-","-","-","NGermanyKielFjord","2018"
"Mnelei122_FynBogense_2017_2017Nov","-","-","-","-","-","-","-","-","-","-","-","a","a","c","t","t","a","c","c","t","c","c","t","a","g","c","g","c","t","g","t","t","t","c","g","g","t","c","g","g","c","c","g","g","g","-","-","-","t","g","c","t","t","c","c","g","g","g","g","g","a","g","t","c","c","g","t","g","c","c","g","c","t","c","g","c","c","c","c","t","a","t","a","a","g","g","c","c","t","g","t","c","c","c","g","c","t","c","a","g","g","a","t","g","t","c","c","g","a","a","g","c","c","t","t","c","c","a","-","-","-","-","-","-","-","-","-","-","-","FynBogense","2017"
"Mnelei149_NGermanyMecklenburgerBuchtWismarBucht_2018_2018Aug","-","-","-","-","-","-","-","-","-","-","-","a","a","c","t","t","a","c","c","t","c","c","t","a","g","c","g","c","t","g","t","t","t","c","g","g","t","c","g","g","c","c","g","g","g","-","-","-","t","g","c","t","t","c","c","g","g","g","g","g","a","g","t","c","c","g","t","g","c","c","g","c","t","c","g","c","c","c","c","t","a","t","a","a","g","g","c","c","t","g","t","c","c","c","g","c","t","c","a","g","g","a","t","g","t","c","c","g","a","a","g","c","c","t","t","c","c","a","-","-","-","-","-","-","-","-","-","-","-","NGermanyMecklenburgerBuchtWismarBucht","2018"
"Mnelei107_NGermanyKielFjord_2018_2018Feb","-","-","-","-","-","-","-","-","-","-","-","a","a","c","t","t","a","c","c","t","c","c","t","a","g","c","g","c","t","g","t","t","t","c","g","g","t","c","g","g","c","c","g","g","g","-","-","-","t","g","c","t","t","c","c","g","g","g","g","g","a","g","t","c","c","g","t","g","c","c","g","c","t","c","g","c","c","c","c","t","a","t","a","a","g","g","c","c","t","g","t","c","c","c","g","c","t","c","a","g","g","a","t","g","t","c","c","g","a","a","g","c","c","t","t","c","c","a","-","-","-","-","-","-","-","-","-","-","-","NGermanyKielFjord","2018"
"Mnelei129_SamsoeBallen_2018_2018Aug","-","-","-","-","-","-","-","-","-","-","-","a","a","c","t","t","a","c","c","t","c","c","t","a","g","c","g","c","t","g","t","t","t","c","g","g","t","c","g","g","c","c","g","g","g","-","-","-","t","g","c","t","t","c","c","g","g","g","g","g","a","g","t","c","c","g","t","g","c","c","g","c","t","c","g","c","c","c","c","t","a","t","a","a","g","g","-","c","t","g","t","c","c","c","g","c","t","c","a","g","g","a","t","g","t","c","c","g","a","a","g","c","c","t","t","c","c","a","-","-","-","-","-","-","-","-","-","-","-","SamsoeBallen","2018"
"Mnelei126_SamsoeBallen_2018_2018Aug","-","-","-","-","-","-","-","-","-","-","-","a","a","c","t","t","a","c","c","t","c","c","t","a","g","c","g","c","t","g","t","t","t","c","g","g","t","c","g","g","c","c","g","g","g","-","-","-","t","g","c","t","t","c","c","g","g","g","g","g","a","g","t","c","c","g","t","g","c","c","g","c","t","c","g","c","c","c","c","t","a","t","a","a","g","g","-","c","t","g","t","c","c","c","g","c","t","c","a","g","g","a","t","g","t","c","c","g","a","a","g","c","c","t","t","c","c","a","-","-","-","-","-","-","-","-","-","-","-","SamsoeBallen","2018"
"Mnelei130_SamsoeBallen_2018_2018Aug","-","-","-","-","-","-","-","-","-","-","-","a","a","c","t","t","a","c","c","t","c","c","t","a","g","c","g","c","t","g","t","t","t","c","g","g","t","c","g","g","c","c","g","g","g","-","-","-","t","g","c","t","t","c","c","g","g","g","g","g","a","g","t","c","c","g","t","g","c","c","g","c","t","c","g","c","c","c","c","t","a","t","a","a","g","g","c","c","t","g","t","c","c","c","g","c","t","c","a","g","g","a","t","g","t","c","c","g","a","a","g","c","c","t","t","c","c","a","-","-","-","-","-","-","-","-","-","-","-","SamsoeBallen","2018"
"Mnelei134_NJyllandLimfjord_2018_2018Jul","-","-","-","-","-","-","-","-","-","-","-","a","a","c","t","t","a","c","c","t","c","c","t","a","g","c","g","c","t","g","t","t","t","c","g","g","t","c","g","g","c","c","g","g","g","-","-","-","t","g","c","t","t","c","c","g","g","g","g","g","a","g","t","c","c","g","t","g","c","c","g","c","t","c","g","c","c","c","c","t","a","t","a","a","g","g","c","c","t","g","t","c","c","c","g","c","t","c","a","g","g","a","t","g","t","c","c","g","a","a","g","c","c","t","t","c","c","a","-","-","-","-","-","-","-","-","-","-","-","NJyllandLimfjordLogstoer","2018"
"Mnelei106_NGermanyKielFjord_2018_2018Feb","-","-","-","-","-","-","-","-","-","-","-","a","a","c","t","t","a","c","c","t","c","c","t","a","g","c","g","c","t","g","t","t","t","c","g","g","t","c","g","g","c","c","g","g","g","-","-","-","t","g","c","t","t","c","c","g","g","g","g","g","a","g","t","c","c","g","t","g","c","c","g","c","t","c","g","c","c","c","c","t","a","t","a","a","g","g","c","c","t","g","t","c","c","c","g","c","t","c","a","g","g","a","t","g","t","c","c","g","a","a","g","c","c","t","t","c","c","a","-","-","-","-","-","-","-","-","-","-","-","NGermanyKielFjord","2018"
"Mnelei136_NJyllandLimfjord_2018_2018Jul","-","-","-","-","-","-","-","-","-","-","-","a","a","c","t","t","a","c","c","t","c","c","t","a","g","c","g","c","t","g","t","t","t","c","g","g","t","c","g","g","c","c","g","g","g","-","-","-","t","g","c","t","t","c","c","g","g","g","g","g","a","g","t","c","c","g","t","g","c","c","g","c","t","c","g","c","c","c","c","t","a","-","a","a","g","g","-","c","t","g","t","c","c","c","g","c","t","c","a","g","g","a","t","g","t","c","c","g","a","a","g","c","c","t","t","c","c","a","-","-","-","-","-","-","-","-","-","-","-","NJyllandLimfjordLogstoer","2018"
"Mnelei163_NWGermanyNSeaHelgolandRds_2018_2018Aug","-","-","-","-","-","-","-","-","-","-","-","a","a","c","t","t","a","c","c","t","c","c","t","a","g","c","g","c","t","g","t","t","t","c","g","g","t","c","g","g","c","c","g","g","g","-","-","-","t","g","c","t","t","c","c","g","g","g","g","g","a","g","t","c","c","g","t","g","c","c","g","c","t","c","g","c","c","c","c","t","a","t","a","a","g","g","c","c","t","g","t","c","c","c","g","c","t","c","a","g","g","a","t","g","t","c","c","g","a","a","g","c","c","t","t","c","c","a","-","-","-","-","-","-","-","-","-","-","-","NWGermanyNSeaHelgolandRds","2018"
"Mnelei104_FynKerteminde_2017_2017Oct","-","-","-","-","-","-","-","-","-","-","-","a","a","c","t","t","a","c","c","t","c","c","t","a","g","c","g","c","t","g","t","t","t","c","g","g","t","c","g","g","c","c","g","g","g","-","-","-","t","g","c","t","t","c","c","g","g","g","g","g","a","g","t","c","c","g","t","g","c","c","g","c","t","c","g","c","c","c","c","t","a","t","a","a","g","g","c","c","t","g","t","c","c","c","g","c","t","c","a","g","g","a","t","g","t","c","c","g","a","a","g","c","c","t","t","c","c","a","-","-","-","-","-","-","-","-","-","-","-","FynKerteminde","2017"
"Mnelei158_NWGermanyNSeaHelgolandRds_2018_2018Aug","-","-","-","-","-","-","-","-","-","-","-","a","a","c","t","t","a","c","c","t","c","c","t","a","g","c","g","c","t","g","t","t","t","c","g","g","t","c","g","g","c","c","g","g","g","-","-","-","t","g","c","t","t","c","c","g","g","g","g","g","a","g","t","c","c","g","t","g","c","c","g","c","t","c","g","c","c","c","c","t","a","t","a","a","g","g","c","c","t","g","t","c","c","c","g","c","t","c","a","g","g","a","t","g","t","c","c","g","a","a","g","c","c","t","t","c","c","a","-","-","-","-","-","-","-","-","-","-","-","NWGermanyNSeaHelgolandRds","2018"
"Mnelei105_NGermanyKielFjord_2018_2018Feb","-","-","-","-","-","-","-","-","-","-","-","a","a","c","t","t","a","c","c","t","c","c","t","a","g","c","g","c","t","g","t","t","t","c","g","g","t","c","g","g","c","c","g","g","g","-","-","-","t","g","c","t","t","c","c","g","g","g","g","g","a","g","t","c","c","g","t","g","c","c","g","c","t","c","g","c","c","c","c","t","-","a","-","a","g","g","-","c","t","g","t","c","c","c","g","c","t","c","a","g","g","a","t","g","t","c","c","g","a","a","g","c","c","t","t","c","c","a","-","-","-","-","-","-","-","-","-","-","-","NGermanyKielFjord","2018"
"Mnelei131_SamsoeBallen_2018_2018Aug","-","-","-","-","-","-","-","-","-","-","-","a","a","c","t","t","a","c","c","t","c","c","t","a","g","c","g","c","t","g","t","t","t","c","g","g","t","c","g","g","c","c","g","g","g","-","-","-","t","g","c","t","t","c","c","g","g","g","g","g","a","g","t","c","c","g","t","g","c","c","g","c","t","c","g","c","c","c","c","t","a","t","a","a","g","g","c","c","t","g","t","c","c","c","g","c","t","c","a","g","g","a","t","g","t","c","c","g","a","a","g","c","c","t","t","c","c","a","-","-","-","-","-","-","-","-","-","-","-","SamsoeBallen","2018"
"Mnelei132_NJyllandLimfjord_2018_2018Jul","-","-","-","-","-","-","-","-","-","-","-","a","a","c","t","t","a","c","c","t","c","c","t","a","g","c","g","c","t","g","t","t","t","c","g","g","t","c","g","g","c","c","g","g","g","-","-","-","t","g","c","t","t","c","c","g","g","g","g","g","a","g","t","c","c","g","t","g","c","c","g","c","t","c","g","c","c","c","c","t","a","t","a","a","g","g","c","c","t","g","t","c","c","c","g","c","t","c","a","g","g","a","t","g","t","c","c","g","a","a","g","c","c","t","t","c","c","a","-","-","-","-","-","-","-","-","-","-","-","NJyllandLimfjordLogstoer","2018"
"Mnelei103_FynKerteminde_2017_2017Oct","-","-","-","-","-","-","-","-","-","-","-","a","a","c","t","t","a","c","c","t","c","c","t","a","g","c","g","c","t","g","t","t","t","c","g","g","t","c","g","g","c","c","g","g","g","-","-","-","t","g","c","t","t","c","c","g","g","g","g","g","a","g","t","c","c","g","t","g","c","c","g","c","t","c","g","c","c","c","c","t","a","t","a","a","g","g","c","c","t","g","t","c","c","c","g","c","t","c","a","g","g","a","t","g","t","c","c","g","a","a","g","c","c","t","t","c","c","a","-","-","-","-","-","-","-","-","-","-","-","FynKerteminde","2017"
"Mnelei164_NWGermanyNSeaHelgolandRds_2018_2018Aug","-","-","-","-","-","-","-","-","-","-","-","a","a","c","t","t","a","c","c","t","c","c","t","a","g","c","g","c","t","g","t","t","t","c","g","g","t","c","g","g","c","c","g","g","g","-","-","-","t","g","c","t","t","c","c","g","g","g","g","g","a","g","t","c","c","g","t","g","c","c","g","c","t","c","g","c","c","c","c","t","a","t","a","a","g","g","c","c","t","g","t","c","c","c","g","c","t","c","a","g","g","a","t","g","t","c","c","g","a","a","g","c","c","t","t","c","c","a","-","-","-","-","-","-","-","-","-","-","-","NWGermanyNSeaHelgolandRds","2018"
"Mnelei127_SamsoeBallen_2018_2018Aug","-","-","-","-","-","-","-","-","-","-","-","a","a","c","t","t","a","c","c","t","c","c","t","a","g","c","g","c","t","g","t","t","t","c","g","g","t","c","g","g","c","c","g","g","g","-","-","-","t","g","c","t","t","c","c","g","g","g","g","g","a","g","t","c","c","g","t","g","c","c","g","c","t","c","g","c","c","c","c","t","a","t","a","a","g","g","c","c","t","g","t","c","c","c","g","c","t","c","a","g","g","a","t","g","t","c","c","g","a","a","g","c","c","t","t","c","c","a","-","-","-","-","-","-","-","-","-","-","-","SamsoeBallen","2018"
"Mnelei125_SamsoeBallen_2018_2018Aug","-","-","-","-","-","-","-","-","-","-","-","a","a","c","t","t","a","c","c","t","c","c","t","a","g","c","g","c","t","g","t","t","t","c","g","g","t","c","g","g","c","c","g","g","g","-","-","-","t","g","c","t","t","c","c","g","g","g","g","g","a","g","t","c","c","g","t","g","c","c","g","c","t","c","g","c","c","c","c","t","a","t","a","a","g","g","c","c","t","g","t","c","c","c","g","c","t","c","a","g","g","a","t","g","t","c","c","g","a","a","g","c","c","t","t","c","c","a","-","-","-","-","-","-","-","-","-","-","-","SamsoeBallen","2018"
"Mnelei154_NGermanyMecklenburgerBuchtWismarBucht_2018_2018Aug","-","-","-","-","-","-","-","-","-","-","-","a","a","c","t","t","a","c","c","t","c","c","t","a","g","c","g","c","t","g","t","t","t","c","g","g","t","c","g","g","c","c","g","g","g","-","-","-","t","g","c","t","t","c","c","g","g","g","g","g","a","g","t","c","c","g","t","g","c","c","g","c","t","c","g","c","c","c","c","t","a","t","a","a","g","g","c","c","t","g","t","c","c","c","g","c","t","c","a","g","g","a","t","g","t","c","c","g","a","a","g","c","c","t","t","c","c","a","-","-","-","-","-","-","-","-","-","-","-","NGermanyMecklenburgerBuchtWismarBucht","2018"
"Mnelei102_FynKerteminde_2017_2017Oct","-","-","-","-","-","-","-","-","-","-","-","a","a","c","t","t","a","c","c","t","c","c","t","a","g","c","g","c","t","g","t","t","t","c","g","g","t","c","g","g","c","c","g","g","g","-","-","-","t","g","c","t","t","c","c","g","g","g","g","g","a","g","t","c","c","g","t","g","c","c","g","c","t","c","g","c","c","c","c","t","a","t","a","a","g","g","c","c","t","g","t","c","c","c","g","c","t","c","a","g","g","a","t","g","t","c","c","g","a","a","g","c","c","t","t","c","c","a","-","-","-","-","-","-","-","-","-","-","-","FynKerteminde","2017"
"Mnelei151_NGermanyMecklenburgerBuchtWismarBucht_2018_2018Aug","-","-","-","-","-","-","-","-","-","-","-","a","a","c","t","t","a","c","c","t","c","c","t","a","g","c","g","c","t","g","t","t","t","c","g","g","t","c","g","g","c","c","g","g","g","-","-","-","t","g","c","t","t","c","c","g","g","g","g","g","a","g","t","c","c","g","t","g","c","c","g","c","t","c","g","c","c","c","c","t","a","t","a","a","g","g","c","c","t","g","t","c","c","c","g","c","t","c","a","g","g","a","t","g","t","c","c","g","a","a","g","c","c","t","t","c","c","a","-","-","-","-","-","-","-","-","-","-","-","NGermanyMecklenburgerBuchtWismarBucht","2018"
"Mnelei135_NJyllandLimfjord_2018_2018Jul","-","-","-","-","-","-","-","-","-","-","-","a","a","c","t","t","a","c","c","t","c","c","t","a","g","c","g","c","t","g","t","t","t","c","g","g","t","c","g","g","c","c","g","g","g","-","-","-","t","g","c","t","t","c","c","g","g","g","g","g","a","g","t","c","c","g","t","g","c","c","g","c","t","c","g","c","c","c","c","t","a","t","a","a","g","g","-","c","t","g","t","c","c","c","g","c","t","c","a","g","g","a","t","g","t","c","c","g","a","a","g","c","c","t","t","c","c","a","-","-","-","-","-","-","-","-","-","-","-","NJyllandLimfjordLogstoer","2018"
"Mnelei051_FynKerteminde_2017_2017May","-","-","-","-","-","-","-","-","-","-","-","a","a","c","t","t","a","c","t","t","c","c","t","a","g","a","g","c","t","g","c","t","t","c","g","g","t","c","g","g","t","c","g","a","g","a","g","a","-","-","-","c","g","t","a","a","a","a","t","c","t","c","c","t","t","a","t","t","c","a","a","t","c","c","a","t","t","a","a","c","c","c","g","g","t","t","t","t","c","g","c","t","t","t","a","t","c","c","a","g","g","-","t","g","t","c","c","g","a","t","g","c","c","t","t","c","c","t","-","-","-","-","-","-","-","-","-","-","-","FynKerteminde","2017"
"Mnelei052_FynKerteminde_2017_2017May","-","-","-","-","-","-","-","-","-","-","-","a","a","c","t","t","a","c","t","t","c","c","t","a","g","a","g","c","t","g","c","t","t","c","g","g","t","c","g","g","t","c","g","a","g","a","g","a","-","-","-","c","g","t","a","a","a","a","t","c","c","c","t","t","t","a","t","t","c","a","a","t","c","c","a","t","t","a","a","c","c","c","g","g","t","t","t","t","c","g","c","t","t","t","a","t","c","c","a","g","g","-","t","g","t","c","c","g","a","t","g","c","c","t","t","c","c","t","-","-","-","-","-","-","-","-","-","-","-","FynKerteminde","2017"
"Mnelei053_FynKerteminde_2017_2017May","-","-","-","-","-","-","-","-","-","-","-","a","a","c","t","t","a","c","t","t","c","c","t","a","g","a","g","c","t","g","c","t","t","c","g","g","t","c","g","g","t","c","g","a","g","a","g","a","-","-","-","c","g","t","a","a","a","a","t","c","c","c","t","t","t","a","t","t","c","a","a","t","c","c","a","t","t","a","a","c","c","c","g","g","t","t","t","t","c","g","c","t","t","t","a","t","c","c","a","g","g","-","t","g","t","c","c","g","a","t","g","c","c","t","t","c","c","t","-","-","-","-","-","-","-","-","-","-","-","FynKerteminde","2017"
