"","genotype","Medi","BalS","CWAt","CasS","FBog","FKer","GBus","GHel","GKie","GWis","JLim","JMar","Neth","SBal","SSko","USAW","USAP"
"1","1","1","","","","","","","","","","","","","","","",""
"2","2","2","3","5","1","3","7","1","6","9","8","10","5","1","6","5","1",""
"3","3","2","","4","1","","3","","1","2","1","4","1","","1","2","","1"
"4","4","1","","","","","","","","","","","","","","","",""
"5","5","1","","","","","","","","","","","","","","","",""
"6","6","","","1","","","","","","","","","","","","","",""
"7","7","","","1","","","","","","","","","","","","","",""
"8","8","","","1","","","","","","","","","","","","","",""
"9","9","","","1","","","","","","","","","","","","","",""
"10","10","","","","","","","","1","","","","","","","","",""
"11","11","","","","","","","","1","","","","","","","","",""
"12","12","","","","","","","","","","","","","","","","1",""
"13","Total","7","3","13","2","3","10","1","9","11","9","14","6","1","7","7","2","1"
