;pubjournal;pubauthor;pubtitle;pubdoi;location;latlonpos
AF293700;Mol. Phylogenet. Evol. 21 (2), 218-230 (2001);['Podar,M.', 'Haddock,S.H.', 'Sogin,M.L.', 'Harbison,G.R.'];A molecular phylogenetic framework for the phylum Ctenophora using 18S rRNA genes;NA;NA;NA
OM368662;Sci Total Environ (2022) In press;['Knudsen,S.W.', 'Hesselsoe,M.', 'Thaulow,J.', 'Agersnap,S.', 'Hansen,B.K.', 'Jacobsen,M.W.', 'Bekkevold,D.', 'Jensen,S.K.', 'Moller,P.R.', 'Andersen,J.H.'];Monitoring of environmental DNA from nonindigenous species of algae, dinoflagellates and animals in the North East Atlantic;NA;Denmark;56.58 N 9.12 E
KY204082;Unpublished;['Jaspers,C.', 'Huwer,B.', 'Reusch,T.H.B.'];Bolinopsis infundibulum in the western North Sea;NA;Denmark: north eastern North Sea;56.60 N 6.82 E
KJ754164;Zoology (Jena) 118 (2), 102-114 (2015);['Simion,P.', 'Bekkouche,N.', 'Jager,M.', 'Queinnec,E.', 'Manuel,M.'];Exploring the potential of small RNA subunit and ITS sequences for resolving phylogenetic relationships within the phylum Ctenophora;10.1016/j.zool.2014.06.004;NA;NA
KF435104;PLoS ONE 8 (11), E81067 (2013);['Ghabooli,S.', 'Shiganova,T.A.', 'Briski,E.', 'Piraino,S.', 'Fuentes,V.', 'Thibault-Botha,D.', 'Angel,D.L.', 'Cristescu,M.E.', 'Macisaac,H.J.'];Invasion Pathway of the Ctenophore Mnemiopsis leidyi in the Mediterranean Sea;10.1371/journal.pone.0081067;NA;NA
KF435103;PLoS ONE 8 (11), E81067 (2013);['Ghabooli,S.', 'Shiganova,T.A.', 'Briski,E.', 'Piraino,S.', 'Fuentes,V.', 'Thibault-Botha,D.', 'Angel,D.L.', 'Cristescu,M.E.', 'Macisaac,H.J.'];Invasion Pathway of the Ctenophore Mnemiopsis leidyi in the Mediterranean Sea;10.1371/journal.pone.0081067;NA;NA
KF435102;PLoS ONE 8 (11), E81067 (2013);['Ghabooli,S.', 'Shiganova,T.A.', 'Briski,E.', 'Piraino,S.', 'Fuentes,V.', 'Thibault-Botha,D.', 'Angel,D.L.', 'Cristescu,M.E.', 'Macisaac,H.J.'];Invasion Pathway of the Ctenophore Mnemiopsis leidyi in the Mediterranean Sea;10.1371/journal.pone.0081067;NA;NA
KF435101;PLoS ONE 8 (11), E81067 (2013);['Ghabooli,S.', 'Shiganova,T.A.', 'Briski,E.', 'Piraino,S.', 'Fuentes,V.', 'Thibault-Botha,D.', 'Angel,D.L.', 'Cristescu,M.E.', 'Macisaac,H.J.'];Invasion Pathway of the Ctenophore Mnemiopsis leidyi in the Mediterranean Sea;10.1371/journal.pone.0081067;NA;NA
KF435100;PLoS ONE 8 (11), E81067 (2013);['Ghabooli,S.', 'Shiganova,T.A.', 'Briski,E.', 'Piraino,S.', 'Fuentes,V.', 'Thibault-Botha,D.', 'Angel,D.L.', 'Cristescu,M.E.', 'Macisaac,H.J.'];Invasion Pathway of the Ctenophore Mnemiopsis leidyi in the Mediterranean Sea;10.1371/journal.pone.0081067;NA;NA
JX266259;Unpublished;['Laloei,F.', 'Taghavi,M.J.', 'Pourgholam,R.', 'Rezvani Gilkolaei,S.'];Genetic structure of mnemiopsis leidyi using molecular method (PCR-sequencing);NA;taxon:27923;Iran
JX266258;Unpublished;['Laloei,F.', 'Taghavi,M.J.', 'Pourgholam,R.', 'Rezvani Gilkolaei,S.'];Genetic structure of mnemiopsis leidyi using molecular method (PCR-sequencing);NA;taxon:27923;Iran
JX266257;Unpublished;['Laloei,F.', 'Taghavi,M.J.', 'Pourgholam,R.', 'Rezvani Gilkolaei,S.'];Genetic structure of mnemiopsis leidyi using molecular method (PCR-sequencing);NA;taxon:27923;Iran
JX266256;Unpublished;['Laloei,F.', 'Taghavi,M.J.', 'Pourgholam,R.', 'Rezvani Gilkolaei,S.'];Genetic structure of mnemiopsis leidyi using molecular method (PCR-sequencing);NA;taxon:27923;Iran
JX266255;Unpublished;['Laloei,F.', 'Taghavi,M.J.', 'Pourgholam,R.', 'Rezvani Gilkolaei,S.'];Genetic structure of mnemiopsis leidyi using molecular method (PCR-sequencing);NA;taxon:27923;Iran
JX266254;Unpublished;['Laloei,F.', 'Taghavi,M.J.', 'Pourgholam,R.', 'Rezvani Gilkolaei,S.'];Genetic structure of mnemiopsis leidyi using molecular method (PCR-sequencing);NA;taxon:27923;Iran
JX266253;Unpublished;['Laloei,F.', 'Taghavi,M.J.', 'Pourgholam,R.', 'Rezvani Gilkolaei,S.'];Genetic structure of mnemiopsis leidyi using molecular method (PCR-sequencing);NA;taxon:27923;Iran
JX266252;Unpublished;['Laloei,F.', 'Taghavi,M.J.', 'Pourgholam,R.', 'Rezvani Gilkolaei,S.'];Genetic structure of mnemiopsis leidyi using molecular method (PCR-sequencing);NA;taxon:27923;Iran
JX266251;Unpublished;['Laloei,F.', 'Taghavi,M.J.', 'Pourgholam,R.', 'Rezvani Gilkolaei,S.'];Genetic structure of mnemiopsis leidyi using molecular method (PCR-sequencing);NA;taxon:27923;Iran
JX266250;Unpublished;['Laloei,F.', 'Taghavi,M.J.', 'Pourgholam,R.', 'Rezvani Gilkolaei,S.'];Genetic structure of mnemiopsis leidyi using molecular method (PCR-sequencing);NA;taxon:27923;Iran
JX266249;Unpublished;['Laloei,F.', 'Taghavi,M.J.', 'Pourgholam,R.', 'Rezvani Gilkolaei,S.'];Genetic structure of mnemiopsis leidyi using molecular method (PCR-sequencing);NA;taxon:27923;Iran
JX266248;Unpublished;['Laloei,F.', 'Taghavi,M.J.', 'Pourgholam,R.', 'Rezvani Gilkolaei,S.'];Genetic structure of mnemiopsis leidyi using molecular method (PCR-sequencing);NA;taxon:27923;Iran
JX112770;Submitted (28-MAY-2012) Biotechnology, Ecology Research Center of the Caspian Sea, Farah Abad, Sari, Mazandaran 4847153948, Iran;['Laloei,F.', 'Taghavi,M.J.', 'Rezvani Gilkolaei,S.'];Direct Submission;NA;taxon:27923;Iran
JX112769;Submitted (28-MAY-2012) Biotechnology, Ecology Research Center of the Caspian Sea, Farah Abad, Sari, Mazandaran 4847153948, Iran;['Laloei,F.', 'Taghavi,M.J.', 'Pourgholam,H.'];Direct Submission;NA;taxon:27923;Iran
JX112768;Submitted (28-MAY-2012) Biotechnology, Ecology Research Center of the Caspian Sea, Farah Abad, Sari, Mazandaran 4847153948, Iran;['Laloei,F.', 'Taghavi,M.J.', 'Rezvani Gilkolaei,S.'];Direct Submission;NA;taxon:27923;Iran
JX112767;Submitted (28-MAY-2012) Biotechnology, Ecology Research Center of the Caspian Sea, Farah Abad, Sari, Mazandaran 4847153948, Iran;['Laloei,F.', 'Pourgholam,R.', 'Taghavi,M.J.', 'Pourgholam,H.'];Direct Submission;NA;taxon:27923;Iran
JX112766;Submitted (28-MAY-2012) Biotechnology, Ecology Research Center of the Caspian Sea, Farah Abad, Sari, Mazandaran 4847153948, Iran;['Laloei,F.', 'Taghavi,M.J.', 'Rezvani Gilkolaei,S.'];Direct Submission;NA;taxon:27923;Iran
JQ742005;Unpublished;['Laloei,F.', 'Pourgholam,R.', 'Rezvani Gilkolaei,S.', 'Taghavi,M.J.'];The genome of the Mnemiopsis leidyi;NA;NA;NA
JQ071530;Unpublished;['Saponari,L.'];First molecular species identification of Mnemiopsis leidyi in Italian Seas;NA;17-Oct-2011;fwd_name: kmbn-8, fwd_seq: attacgtccctgccctttgta, rev_name: kmbn-9, rev_seq: gcaatcccaaacagtccgactcttc
JQ071529;Unpublished;['Saponari,L.'];First molecular species identification of Mnemiopsis leidyi in Italian Seas;NA;17-Oct-2011;fwd_name: kmbn-8, fwd_seq: attacgtccctgccctttgta, rev_name: kmbn-9, rev_seq: gcaatcccaaacagtccgactcttc
HM007195;Hydrobiologia (2010) In press;['Fuentes,V.', 'Angel,D.L.', 'Bayha,K.M.', 'Atienza,D.', 'Edelist,D.', 'Bordehore,C.', 'Purcell,J.E.'];Blooms of the invasive ctenophore, Mnemiopsis leidyi, span the Mediterranean Sea in 2009;NA;NA;NA
HM007194;Hydrobiologia (2010) In press;['Fuentes,V.', 'Angel,D.L.', 'Bayha,K.M.', 'Atienza,D.', 'Edelist,D.', 'Bordehore,C.', 'Purcell,J.E.'];Blooms of the invasive ctenophore, Mnemiopsis leidyi, span the Mediterranean Sea in 2009;NA;NA;NA
HM007193;Hydrobiologia (2010) In press;['Fuentes,V.', 'Angel,D.L.', 'Bayha,K.M.', 'Atienza,D.', 'Edelist,D.', 'Bordehore,C.', 'Purcell,J.E.'];Blooms of the invasive ctenophore, Mnemiopsis leidyi, span the Mediterranean Sea in 2009;NA;NA;NA
GU062762;Unpublished;['Ghabooli,S.', 'Shiganova,T.A.', 'Zhan,A.', 'Cristescu,M.E.', 'Eghtesadi-Araghi,P.', 'MacIsaac,H.J.'];Multiple introductions and invasion pathways for the invasive ctenophore Mnemiopsis leidyi in Eurasia;NA;NA;NA
GU062761;Unpublished;['Ghabooli,S.', 'Shiganova,T.A.', 'Zhan,A.', 'Cristescu,M.E.', 'Eghtesadi-Araghi,P.', 'MacIsaac,H.J.'];Multiple introductions and invasion pathways for the invasive ctenophore Mnemiopsis leidyi in Eurasia;NA;NA;NA
GU062760;Unpublished;['Ghabooli,S.', 'Shiganova,T.A.', 'Zhan,A.', 'Cristescu,M.E.', 'Eghtesadi-Araghi,P.', 'MacIsaac,H.J.'];Multiple introductions and invasion pathways for the invasive ctenophore Mnemiopsis leidyi in Eurasia;NA;NA;NA
GU062759;Unpublished;['Ghabooli,S.', 'Shiganova,T.A.', 'Zhan,A.', 'Cristescu,M.E.', 'Eghtesadi-Araghi,P.', 'MacIsaac,H.J.'];Multiple introductions and invasion pathways for the invasive ctenophore Mnemiopsis leidyi in Eurasia;NA;NA;NA
GU062758;Unpublished;['Ghabooli,S.', 'Shiganova,T.A.', 'Zhan,A.', 'Cristescu,M.E.', 'Eghtesadi-Araghi,P.', 'MacIsaac,H.J.'];Multiple introductions and invasion pathways for the invasive ctenophore Mnemiopsis leidyi in Eurasia;NA;NA;NA
GU062757;Unpublished;['Ghabooli,S.', 'Shiganova,T.A.', 'Zhan,A.', 'Cristescu,M.E.', 'Eghtesadi-Araghi,P.', 'MacIsaac,H.J.'];Multiple introductions and invasion pathways for the invasive ctenophore Mnemiopsis leidyi in Eurasia;NA;NA;NA
GU062756;Unpublished;['Ghabooli,S.', 'Shiganova,T.A.', 'Zhan,A.', 'Cristescu,M.E.', 'Eghtesadi-Araghi,P.', 'MacIsaac,H.J.'];Multiple introductions and invasion pathways for the invasive ctenophore Mnemiopsis leidyi in Eurasia;NA;NA;NA
GU062755;Unpublished;['Ghabooli,S.', 'Shiganova,T.A.', 'Zhan,A.', 'Cristescu,M.E.', 'Eghtesadi-Araghi,P.', 'MacIsaac,H.J.'];Multiple introductions and invasion pathways for the invasive ctenophore Mnemiopsis leidyi in Eurasia;NA;NA;NA
GU062754;Unpublished;['Ghabooli,S.', 'Shiganova,T.A.', 'Zhan,A.', 'Cristescu,M.E.', 'Eghtesadi-Araghi,P.', 'MacIsaac,H.J.'];Multiple introductions and invasion pathways for the invasive ctenophore Mnemiopsis leidyi in Eurasia;NA;NA;NA
GU062753;Unpublished;['Ghabooli,S.', 'Shiganova,T.A.', 'Zhan,A.', 'Cristescu,M.E.', 'Eghtesadi-Araghi,P.', 'MacIsaac,H.J.'];Multiple introductions and invasion pathways for the invasive ctenophore Mnemiopsis leidyi in Eurasia;NA;NA;NA
GU062752;Unpublished;['Ghabooli,S.', 'Shiganova,T.A.', 'Zhan,A.', 'Cristescu,M.E.', 'Eghtesadi-Araghi,P.', 'MacIsaac,H.J.'];Multiple introductions and invasion pathways for the invasive ctenophore Mnemiopsis leidyi in Eurasia;NA;NA;NA
GU062751;Unpublished;['Ghabooli,S.', 'Shiganova,T.A.', 'Zhan,A.', 'Cristescu,M.E.', 'Eghtesadi-Araghi,P.', 'MacIsaac,H.J.'];Multiple introductions and invasion pathways for the invasive ctenophore Mnemiopsis leidyi in Eurasia;NA;NA;NA
GU062750;Unpublished;['Ghabooli,S.', 'Shiganova,T.A.', 'Zhan,A.', 'Cristescu,M.E.', 'Eghtesadi-Araghi,P.', 'MacIsaac,H.J.'];Multiple introductions and invasion pathways for the invasive ctenophore Mnemiopsis leidyi in Eurasia;NA;NA;NA
HM147277;Mol. Ecol. 19 (13), 2690-2699 (2010);['Reusch,T.B.', 'Bolte,S.', 'Sparwel,M.', 'Moss,A.G.', 'Javidpour,J.'];Microsatellites reveal origin and genetic diversity of Eurasian invasions by one of the world's most notorious marine invader, Mnemiopsis leidyi (Ctenophora);10.1111/j.1365-294X.2010.04701.x;Iran: Caspian Sea;36.80 N 53.12 E
HM147276;Mol. Ecol. 19 (13), 2690-2699 (2010);['Reusch,T.B.', 'Bolte,S.', 'Sparwel,M.', 'Moss,A.G.', 'Javidpour,J.'];Microsatellites reveal origin and genetic diversity of Eurasian invasions by one of the world's most notorious marine invader, Mnemiopsis leidyi (Ctenophora);10.1111/j.1365-294X.2010.04701.x;Iran: Caspian Sea;36.80 N 53.12 E
HM147275;Mol. Ecol. 19 (13), 2690-2699 (2010);['Reusch,T.B.', 'Bolte,S.', 'Sparwel,M.', 'Moss,A.G.', 'Javidpour,J.'];Microsatellites reveal origin and genetic diversity of Eurasian invasions by one of the world's most notorious marine invader, Mnemiopsis leidyi (Ctenophora);10.1111/j.1365-294X.2010.04701.x;USA: Galveston Bay;29.28 N 94.87 W
HM147274;Mol. Ecol. 19 (13), 2690-2699 (2010);['Reusch,T.B.', 'Bolte,S.', 'Sparwel,M.', 'Moss,A.G.', 'Javidpour,J.'];Microsatellites reveal origin and genetic diversity of Eurasian invasions by one of the world's most notorious marine invader, Mnemiopsis leidyi (Ctenophora);10.1111/j.1365-294X.2010.04701.x;USA: Panacea;30.00 N 84.33 W
HM147273;Mol. Ecol. 19 (13), 2690-2699 (2010);['Reusch,T.B.', 'Bolte,S.', 'Sparwel,M.', 'Moss,A.G.', 'Javidpour,J.'];Microsatellites reveal origin and genetic diversity of Eurasian invasions by one of the world's most notorious marine invader, Mnemiopsis leidyi (Ctenophora);10.1111/j.1365-294X.2010.04701.x;USA: Panacea;30.00 N 84.33 W
HM147272;Mol. Ecol. 19 (13), 2690-2699 (2010);['Reusch,T.B.', 'Bolte,S.', 'Sparwel,M.', 'Moss,A.G.', 'Javidpour,J.'];Microsatellites reveal origin and genetic diversity of Eurasian invasions by one of the world's most notorious marine invader, Mnemiopsis leidyi (Ctenophora);10.1111/j.1365-294X.2010.04701.x;USA: Woods Hole;41.52 N 70.67 W
HM147271;Mol. Ecol. 19 (13), 2690-2699 (2010);['Reusch,T.B.', 'Bolte,S.', 'Sparwel,M.', 'Moss,A.G.', 'Javidpour,J.'];Microsatellites reveal origin and genetic diversity of Eurasian invasions by one of the world's most notorious marine invader, Mnemiopsis leidyi (Ctenophora);10.1111/j.1365-294X.2010.04701.x;Germany: Kiel Fjord;54.42 N 10.20 E
HM147270;Mol. Ecol. 19 (13), 2690-2699 (2010);['Reusch,T.B.', 'Bolte,S.', 'Sparwel,M.', 'Moss,A.G.', 'Javidpour,J.'];Microsatellites reveal origin and genetic diversity of Eurasian invasions by one of the world's most notorious marine invader, Mnemiopsis leidyi (Ctenophora);10.1111/j.1365-294X.2010.04701.x;Germany: Kiel Fjord;54.42 N 10.20 E
HM147269;Mol. Ecol. 19 (13), 2690-2699 (2010);['Reusch,T.B.', 'Bolte,S.', 'Sparwel,M.', 'Moss,A.G.', 'Javidpour,J.'];Microsatellites reveal origin and genetic diversity of Eurasian invasions by one of the world's most notorious marine invader, Mnemiopsis leidyi (Ctenophora);10.1111/j.1365-294X.2010.04701.x;Germany: Maasholm;54.68 N 10.00 E
HM147268;Mol. Ecol. 19 (13), 2690-2699 (2010);['Reusch,T.B.', 'Bolte,S.', 'Sparwel,M.', 'Moss,A.G.', 'Javidpour,J.'];Microsatellites reveal origin and genetic diversity of Eurasian invasions by one of the world's most notorious marine invader, Mnemiopsis leidyi (Ctenophora);10.1111/j.1365-294X.2010.04701.x;Germany: Maasholm;54.68 N 10.00 E
HM147267;Mol. Ecol. 19 (13), 2690-2699 (2010);['Reusch,T.B.', 'Bolte,S.', 'Sparwel,M.', 'Moss,A.G.', 'Javidpour,J.'];Microsatellites reveal origin and genetic diversity of Eurasian invasions by one of the world's most notorious marine invader, Mnemiopsis leidyi (Ctenophora);10.1111/j.1365-294X.2010.04701.x;Germany: Maasholm;54.68 N 10.00 E
HM147266;Mol. Ecol. 19 (13), 2690-2699 (2010);['Reusch,T.B.', 'Bolte,S.', 'Sparwel,M.', 'Moss,A.G.', 'Javidpour,J.'];Microsatellites reveal origin and genetic diversity of Eurasian invasions by one of the world's most notorious marine invader, Mnemiopsis leidyi (Ctenophora);10.1111/j.1365-294X.2010.04701.x;Germany: Maasholm;54.68 N 10.00 E
HM147265;Mol. Ecol. 19 (13), 2690-2699 (2010);['Reusch,T.B.', 'Bolte,S.', 'Sparwel,M.', 'Moss,A.G.', 'Javidpour,J.'];Microsatellites reveal origin and genetic diversity of Eurasian invasions by one of the world's most notorious marine invader, Mnemiopsis leidyi (Ctenophora);10.1111/j.1365-294X.2010.04701.x;Germany: Helgoland;54.18 N 7.88 E
HM147264;Mol. Ecol. 19 (13), 2690-2699 (2010);['Reusch,T.B.', 'Bolte,S.', 'Sparwel,M.', 'Moss,A.G.', 'Javidpour,J.'];Microsatellites reveal origin and genetic diversity of Eurasian invasions by one of the world's most notorious marine invader, Mnemiopsis leidyi (Ctenophora);10.1111/j.1365-294X.2010.04701.x;Germany: Helgoland;54.18 N 7.88 E
HM147263;Mol. Ecol. 19 (13), 2690-2699 (2010);['Reusch,T.B.', 'Bolte,S.', 'Sparwel,M.', 'Moss,A.G.', 'Javidpour,J.'];Microsatellites reveal origin and genetic diversity of Eurasian invasions by one of the world's most notorious marine invader, Mnemiopsis leidyi (Ctenophora);10.1111/j.1365-294X.2010.04701.x;Germany: Helgoland;54.18 N 7.88 E
HM147262;Mol. Ecol. 19 (13), 2690-2699 (2010);['Reusch,T.B.', 'Bolte,S.', 'Sparwel,M.', 'Moss,A.G.', 'Javidpour,J.'];Microsatellites reveal origin and genetic diversity of Eurasian invasions by one of the world's most notorious marine invader, Mnemiopsis leidyi (Ctenophora);10.1111/j.1365-294X.2010.04701.x;Germany: Helgoland;54.18 N 7.88 E
HM147261;Mol. Ecol. 19 (13), 2690-2699 (2010);['Reusch,T.B.', 'Bolte,S.', 'Sparwel,M.', 'Moss,A.G.', 'Javidpour,J.'];Microsatellites reveal origin and genetic diversity of Eurasian invasions by one of the world's most notorious marine invader, Mnemiopsis leidyi (Ctenophora);10.1111/j.1365-294X.2010.04701.x;Denmark: Bornholm Bassin;55.18 N 15.53 E
HM147260;Mol. Ecol. 19 (13), 2690-2699 (2010);['Reusch,T.B.', 'Bolte,S.', 'Sparwel,M.', 'Moss,A.G.', 'Javidpour,J.'];Microsatellites reveal origin and genetic diversity of Eurasian invasions by one of the world's most notorious marine invader, Mnemiopsis leidyi (Ctenophora);10.1111/j.1365-294X.2010.04701.x;Denmark: Bornholm Bassin;55.18 N 15.53 E
HM147259;Mol. Ecol. 19 (13), 2690-2699 (2010);['Reusch,T.B.', 'Bolte,S.', 'Sparwel,M.', 'Moss,A.G.', 'Javidpour,J.'];Microsatellites reveal origin and genetic diversity of Eurasian invasions by one of the world's most notorious marine invader, Mnemiopsis leidyi (Ctenophora);10.1111/j.1365-294X.2010.04701.x;Denmark: Bornholm Bassin;55.18 N 15.53 E
HM147258;Mol. Ecol. 19 (13), 2690-2699 (2010);['Reusch,T.B.', 'Bolte,S.', 'Sparwel,M.', 'Moss,A.G.', 'Javidpour,J.'];Microsatellites reveal origin and genetic diversity of Eurasian invasions by one of the world's most notorious marine invader, Mnemiopsis leidyi (Ctenophora);10.1111/j.1365-294X.2010.04701.x;Denmark: Bornholm Bassin;55.18 N 15.53 E
HM147257;Mol. Ecol. 19 (13), 2690-2699 (2010);['Reusch,T.B.', 'Bolte,S.', 'Sparwel,M.', 'Moss,A.G.', 'Javidpour,J.'];Microsatellites reveal origin and genetic diversity of Eurasian invasions by one of the world's most notorious marine invader, Mnemiopsis leidyi (Ctenophora);10.1111/j.1365-294X.2010.04701.x;USA: Woods Hole;41.52 N 70.67 W
EF175465;Aquat. Invasions (2007) In press;['Faasse,M.A.', 'Bayha,K.M.'];The ctenophore Mnemiopsis leidyi in coastal waters of the Netherlands: an unrecognized invasion?;NA;Atlantic Ocean: NW Atlantic;near N 38.53 W 70.60
EF175464;Aquat. Invasions (2007) In press;['Faasse,M.A.', 'Bayha,K.M.'];The ctenophore Mnemiopsis leidyi in coastal waters of the Netherlands: an unrecognized invasion?;NA;Atlantic Ocean: NW Atlantic;near N 38.53 W 70.60
EF175463;Aquat. Invasions (2007) In press;['Faasse,M.A.', 'Bayha,K.M.'];The ctenophore Mnemiopsis leidyi in coastal waters of the Netherlands: an unrecognized invasion?;NA;NA;NA
OU817778;Submitted (11-OCT-2021) UIT, Hansine Hansens veg 18, 9019 Tromso, Norway;['Majaneva,S.'];Direct Submission;NA;NA;NA
OU817777;Submitted (11-OCT-2021) UIT, Hansine Hansens veg 18, 9019 Tromso, Norway;['Majaneva,S.'];Direct Submission;NA;NA;NA
